,thscode,HCategory20230630,HCategory20230331,HCategory20221231,HCategory20220930,HCategory20220630,HCategory20220331,independent
0,008493.OF,长,长,长,长,长,长,稳定长
1,006958.OF,长,长,长,长,长,长,稳定长
2,005831.OF,长,长,长,长,长,长,稳定长
3,000053.OF,长,长,长,长,长,长,稳定长
4,004499.OF,长,长,长,长,长,长,稳定长
5,004547.OF,长,长,长,长,长,长,稳定长
6,004438.OF,长,长,长,长,长,长,稳定长
7,003547.OF,长,长,长,长,长,长,稳定长
8,004859.OF,长,长,长,长,长,长,稳定长
9,002206.OF,长,长,长,长,长,长,稳定长
10,013391.OF,长,长,长,长,长,长,稳定长
11,217003.OF,长,长,长,长,长,长,稳定长
12,009580.OF,长,长,长,长,长,长,稳定长
13,015301.OF,长,长,长,长,长,长,稳定长
14,005432.OF,长,长,长,长,长,长,稳定长
15,006668.OF,长,长,长,长,长,长,稳定长
16,015913.OF,长,长,长,长,长,长,稳定长
17,007544.OF,长,长,长,长,长,长,稳定长
18,008644.OF,长,长,长,长,长,长,稳定长
19,160515.SZ,长,长,长,长,长,长,稳定长
20,010191.OF,长,长,长,长,长,长,稳定长
21,530021.OF,长,长,长,长,长,长,稳定长
22,003209.OF,长,长,长,长,长,长,稳定长
23,007417.OF,长,长,长,长,长,长,稳定长
24,050106.OF,长,长,长,长,长,长,稳定长
25,002438.OF,长,长,长,长,长,长,稳定长
26,014552.OF,长,长,长,长,长,长,稳定长
27,011262.OF,长,长,长,长,长,长,稳定长
28,007145.OF,长,长,长,长,长,长,稳定长
29,015569.OF,长,长,长,长,长,长,稳定长
30,002994.OF,长,长,长,长,长,长,稳定长
31,009338.OF,长,长,长,长,长,长,稳定长
32,008170.OF,长,长,长,长,长,长,稳定长
33,006043.OF,长,长,长,长,长,长,稳定长
34,014315.OF,长,长,长,长,长,长,稳定长
35,000186.OF,长,长,长,长,长,长,稳定长
36,008568.OF,长,长,长,长,长,长,稳定长
37,002929.OF,长,长,长,长,长,长,稳定长
38,202108.OF,长,长,长,长,长,长,稳定长
39,010639.OF,长,长,长,长,长,长,稳定长
40,002754.OF,长,长,长,长,长,长,稳定长
41,010627.OF,长,长,长,长,长,长,稳定长
42,007985.OF,长,长,长,长,长,长,稳定长
43,010485.OF,长,长,长,长,长,长,稳定长
44,010983.OF,长,长,长,长,长,长,稳定长
45,016031.OF,长,长,长,长,长,长,稳定长
46,000914.OF,长,长,长,长,长,长,稳定长
47,008569.OF,长,长,长,长,长,长,稳定长
48,008139.OF,长,长,长,长,长,长,稳定长
49,003528.OF,长,长,长,长,长,长,稳定长
50,006191.OF,长,长,长,长,长,长,稳定长
51,006082.OF,长,长,长,长,长,长,稳定长
52,009583.OF,长,长,长,长,长,长,稳定长
53,009866.OF,长,长,长,长,长,长,稳定长
54,009666.OF,长,长,长,长,长,长,稳定长
55,008102.OF,长,长,长,长,长,长,稳定长
56,009749.OF,长,长,长,长,长,长,稳定长
57,002549.OF,长,长,长,长,长,长,稳定长
58,009254.OF,长,长,长,长,长,长,稳定长
59,009632.OF,长,长,长,长,长,长,稳定长
60,007723.OF,长,长,长,长,长,长,稳定长
61,006838.OF,长,长,长,长,长,长,稳定长
62,006434.OF,长,长,长,长,长,长,稳定长
63,007321.OF,长,长,长,长,长,长,稳定长
64,001299.OF,长,长,长,长,长,长,稳定长
65,008587.OF,长,长,长,长,长,长,稳定长
66,008031.OF,长,长,长,长,长,长,稳定长
67,014367.OF,长,长,长,长,长,长,稳定长
68,006427.OF,长,长,长,长,长,长,稳定长
69,002169.OF,长,长,长,长,长,长,稳定长
70,008675.OF,长,长,长,长,长,长,稳定长
71,003260.OF,长,长,长,长,长,长,稳定长
72,008700.OF,长,长,长,长,长,长,稳定长
73,005710.OF,长,长,长,长,长,长,稳定长
74,005820.OF,长,长,长,长,长,长,稳定长
75,004940.OF,长,长,长,长,长,长,稳定长
76,270048.OF,长,长,长,长,长,长,稳定长
77,004882.OF,长,长,长,长,长,长,稳定长
78,007347.OF,长,长,长,长,长,长,稳定长
79,015969.OF,长,长,长,长,长,长,稳定长
80,003651.OF,长,长,长,长,长,长,稳定长
81,009578.OF,长,长,长,长,长,长,稳定长
82,530029.OF,长,长,长,长,长,长,稳定长
83,009600.OF,长,长,长,长,长,长,稳定长
84,003703.OF,长,长,长,长,长,长,稳定长
85,000546.OF,长,长,长,长,长,长,稳定长
86,005364.OF,长,长,长,长,长,长,稳定长
87,008722.OF,长,长,长,长,长,长,稳定长
88,004503.OF,长,长,长,长,长,长,稳定长
89,014480.OF,长,长,长,长,长,长,稳定长
90,002991.OF,长,长,长,长,长,长,稳定长
91,004230.OF,长,长,长,长,长,长,稳定长
92,001960.OF,长,长,长,长,长,长,稳定长
93,017695.OF,长,长,长,长,长,长,稳定长
94,003983.OF,长,长,长,长,长,长,稳定长
95,005898.OF,长,长,长,长,长,长,稳定长
96,009711.OF,长,长,长,长,长,长,稳定长
97,005442.OF,长,长,长,长,长,长,稳定长
98,004042.OF,长,长,长,长,长,长,稳定长
99,519776.OF,长,长,长,长,长,长,稳定长
100,014105.OF,长,长,长,长,长,长,稳定长
101,004722.OF,长,长,长,长,长,长,稳定长
102,519743.OF,长,长,长,长,长,长,稳定长
103,009045.OF,长,长,长,长,长,长,稳定长
104,015209.OF,长,长,长,长,长,长,稳定长
105,009284.OF,长,长,长,长,长,长,稳定长
106,009290.OF,长,长,长,长,长,长,稳定长
107,003188.OF,长,长,长,长,长,长,稳定长
108,004728.OF,长,长,长,长,长,长,稳定长
109,161019.SZ,长,长,长,长,长,长,稳定长
110,004655.OF,长,长,长,长,长,长,稳定长
111,005321.OF,长,长,长,长,长,长,稳定长
112,007670.OF,长,长,长,长,长,长,稳定长
113,008925.OF,长,长,长,长,长,长,稳定长
114,004639.OF,长,长,长,长,长,长,稳定长
115,015736.OF,长,长,长,长,长,长,稳定长
116,003102.OF,长,长,长,长,长,长,稳定长
117,002268.OF,长,长,长,长,长,长,稳定长
118,016296.OF,长,长,长,长,长,长,稳定长
119,002716.OF,长,长,长,长,长,长,稳定长
120,007201.OF,长,长,长,长,长,长,稳定长
121,002868.OF,长,长,长,长,长,长,稳定长
122,003929.OF,长,长,长,长,长,长,稳定长
123,000137.OF,长,长,长,长,长,长,稳定长
124,001785.OF,长,长,长,长,长,长,稳定长
125,003949.OF,长,长,长,长,长,长,稳定长
126,110035.OF,长,长,长,长,长,长,稳定长
127,003770.OF,长,长,长,长,长,长,稳定长
128,006714.OF,长,长,长,长,长,长,稳定长
129,010258.OF,长,长,长,长,长,长,稳定长
130,007870.OF,长,长,长,长,长,长,稳定长
131,008048.OF,长,长,长,长,长,长,稳定长
132,006421.OF,长,长,长,长,长,长,稳定长
133,002548.OF,长,长,长,长,长,长,稳定长
134,008649.OF,长,长,长,长,长,长,稳定长
135,013213.OF,长,长,长,长,长,长,稳定长
136,005862.OF,长,长,长,长,长,长,稳定长
137,001911.OF,长,长,长,长,长,长,稳定长
138,006287.OF,长,长,长,长,长,长,稳定长
139,008214.OF,长,长,长,长,长,长,稳定长
140,002625.OF,长,长,长,长,长,长,稳定长
141,006116.OF,长,长,长,长,长,长,稳定长
142,007408.OF,长,长,长,长,长,长,稳定长
143,014504.OF,长,长,长,长,长,长,稳定长
144,002109.OF,长,长,长,长,长,长,稳定长
145,008596.OF,长,长,长,长,长,长,稳定长
146,005871.OF,长,长,长,长,长,长,稳定长
147,008460.OF,长,长,长,长,长,长,稳定长
148,013931.OF,长,长,长,长,长,长,稳定长
149,005073.OF,长,长,长,长,长,长,稳定长
150,012948.OF,长,长,长,长,长,长,稳定长
151,003417.OF,长,长,长,长,长,长,稳定长
152,007342.OF,长,长,长,长,长,长,稳定长
153,003671.OF,长,长,长,长,长,长,稳定长
154,050027.OF,长,长,长,长,长,长,稳定长
155,013159.OF,长,长,长,长,长,长,稳定长
156,008117.OF,长,长,长,长,长,长,稳定长
157,013008.OF,长,长,长,长,长,长,稳定长
158,010462.OF,长,长,长,长,长,长,稳定长
159,004459.OF,长,长,长,长,长,长,稳定长
160,009953.OF,长,长,长,长,长,长,稳定长
161,008338.OF,长,长,长,长,长,长,稳定长
162,014392.OF,长,长,长,长,长,长,稳定长
163,016955.OF,长,长,长,长,长,长,稳定长
164,009148.OF,长,长,长,长,长,长,稳定长
165,008032.OF,长,长,长,长,长,长,稳定长
166,010482.OF,长,长,长,长,长,长,稳定长
167,005988.OF,长,长,长,长,长,长,稳定长
168,007958.OF,长,长,长,长,长,长,稳定长
169,003313.OF,长,长,长,长,长,长,稳定长
170,002175.OF,长,长,长,长,长,长,稳定长
171,003605.OF,长,长,长,长,长,长,稳定长
172,007589.OF,长,长,长,长,长,长,稳定长
173,000815.OF,长,长,长,长,长,长,稳定长
174,013875.OF,长,长,长,长,长,长,稳定长
175,004140.OF,长,长,长,长,长,长,稳定长
176,000402.OF,长,长,长,长,长,长,稳定长
177,008316.OF,长,长,长,长,长,长,稳定长
178,009082.OF,长,长,长,长,长,长,稳定长
179,002140.OF,长,长,长,长,长,长,稳定长
180,004689.OF,长,长,长,长,长,长,稳定长
181,013654.OF,长,长,长,长,长,长,稳定长
182,006450.OF,长,长,长,长,长,长,稳定长
183,009041.OF,长,长,长,长,长,长,稳定长
184,003859.OF,长,长,长,长,长,长,稳定长
185,010753.OF,长,长,长,长,长,长,稳定长
186,005897.OF,长,长,长,长,长,长,稳定长
187,007948.OF,长,长,长,长,长,长,稳定长
188,007970.OF,长,长,长,长,长,长,稳定长
189,000254.OF,长,长,长,长,长,长,稳定长
190,012242.OF,长,长,长,长,长,长,稳定长
191,000147.OF,长,长,长,长,长,长,稳定长
192,016023.OF,长,长,长,长,长,长,稳定长
193,003327.OF,长,长,长,长,长,长,稳定长
194,007555.OF,长,长,长,长,长,长,稳定长
195,008535.OF,长,长,长,长,长,长,稳定长
196,001819.OF,长,长,长,长,长,长,稳定长
197,003673.OF,长,长,长,长,长,长,稳定长
198,002568.OF,长,长,长,长,长,长,稳定长
199,009770.OF,长,长,长,长,长,长,稳定长
200,008018.OF,长,长,长,长,长,长,稳定长
201,010621.OF,长,长,长,长,长,长,稳定长
202,009166.OF,长,长,长,长,长,长,稳定长
203,014638.OF,长,长,长,长,长,长,稳定长
204,006907.OF,长,长,长,长,长,长,稳定长
205,008508.OF,长,长,长,长,长,长,稳定长
206,015622.OF,长,长,长,长,长,长,稳定长
207,005705.OF,长,长,长,长,长,长,稳定长
208,006665.OF,长,长,长,长,长,长,稳定长
209,003640.OF,长,长,长,长,长,长,稳定长
210,006970.OF,长,长,长,长,长,长,稳定长
211,004821.OF,长,长,长,长,长,长,稳定长
212,007175.OF,长,长,长,长,长,长,稳定长
213,010580.OF,长,长,长,长,长,长,稳定长
214,012465.OF,长,长,长,长,长,长,稳定长
215,004334.OF,长,长,长,长,长,长,稳定长
216,006707.OF,长,长,长,长,长,长,稳定长
217,007068.OF,长,长,长,长,长,长,稳定长
218,008509.OF,长,长,长,长,长,长,稳定长
219,011946.OF,长,长,长,长,长,长,稳定长
220,007716.OF,长,长,长,长,长,长,稳定长
221,016184.OF,长,长,长,长,长,长,稳定长
222,003452.OF,长,长,长,长,长,长,稳定长
223,007517.OF,长,长,长,长,长,长,稳定长
224,002188.OF,长,长,长,长,长,长,稳定长
225,005631.OF,长,长,长,长,长,长,稳定长
226,005072.OF,长,长,长,长,长,长,稳定长
227,002638.OF,长,长,长,长,长,长,稳定长
228,003285.OF,长,长,长,长,长,长,稳定长
229,009167.OF,长,长,长,长,长,长,稳定长
230,013952.OF,长,长,长,长,长,长,稳定长
231,004899.OF,长,长,长,长,长,长,稳定长
232,015629.OF,长,长,长,长,长,长,稳定长
233,012806.OF,长,长,长,长,长,长,稳定长
234,009021.OF,长,长,长,长,长,长,稳定长
235,009235.OF,长,长,长,长,长,长,稳定长
236,015263.OF,长,长,长,长,长,长,稳定长
237,013457.OF,长,长,长,长,长,长,稳定长
238,005309.OF,长,长,长,长,长,长,稳定长
239,008014.OF,长,长,长,长,长,长,稳定长
240,005791.OF,长,长,长,长,长,长,稳定长
241,008802.OF,长,长,长,长,长,长,稳定长
242,008219.OF,长,长,长,长,长,长,稳定长
243,006841.OF,长,长,长,长,长,长,稳定长
244,008217.OF,长,长,长,长,长,长,稳定长
245,016925.OF,长,长,长,长,长,长,稳定长
246,011960.OF,长,长,长,长,长,长,稳定长
247,006758.OF,长,长,长,长,长,长,稳定长
248,007573.OF,长,长,长,长,长,长,稳定长
249,003265.OF,长,长,长,长,长,长,稳定长
250,011080.OF,长,长,长,长,长,长,稳定长
251,007659.OF,长,长,长,长,长,长,稳定长
252,005666.OF,长,长,长,长,长,长,稳定长
253,005740.OF,长,长,长,长,长,长,稳定长
254,004127.OF,长,长,长,长,长,长,稳定长
255,006955.OF,长,长,长,长,长,长,稳定长
256,000252.OF,长,长,长,长,长,长,稳定长
257,002198.OF,长,长,长,长,长,长,稳定长
258,006936.OF,长,长,长,长,长,长,稳定长
259,485105.OF,长,长,长,长,长,长,稳定长
260,006325.OF,长,长,长,长,长,长,稳定长
261,007692.OF,长,长,长,长,长,长,稳定长
262,000037.OF,长,长,长,长,长,长,稳定长
263,016928.OF,长,长,长,长,长,长,稳定长
264,008030.OF,长,长,长,长,长,长,稳定长
265,007990.OF,长,长,长,长,长,长,稳定长
266,000187.OF,长,长,长,长,长,长,稳定长
267,011952.OF,长,长,长,长,长,长,稳定长
268,009732.OF,长,长,长,长,长,长,稳定长
269,011079.OF,长,长,长,长,长,长,稳定长
270,009306.OF,长,长,长,长,长,长,稳定长
271,005670.OF,长,长,长,长,长,长,稳定长
272,009933.OF,长,长,长,长,长,长,稳定长
273,007278.OF,长,长,长,长,长,长,稳定长
274,070025.OF,长,长,长,长,长,长,稳定长
275,009453.OF,长,长,长,长,长,长,稳定长
276,008003.OF,长,长,长,长,长,长,稳定长
277,005712.OF,长,长,长,长,长,长,稳定长
278,008471.OF,长,长,长,长,长,长,稳定长
279,006617.OF,长,长,长,长,长,长,稳定长
280,012591.OF,长,长,长,长,长,长,稳定长
281,016914.OF,长,长,长,长,长,长,稳定长
282,014464.OF,长,长,长,长,长,长,稳定长
283,010254.OF,长,长,长,长,长,长,稳定长
284,007184.OF,长,长,长,长,长,长,稳定长
285,006112.OF,长,长,长,长,长,长,稳定长
286,005842.OF,长,长,长,长,长,长,稳定长
287,003863.OF,长,长,长,长,长,长,稳定长
288,006934.OF,长,长,长,长,长,长,稳定长
289,005462.OF,长,长,长,长,长,长,稳定长
290,015471.OF,长,长,长,长,长,长,稳定长
291,006791.OF,长,长,长,长,长,长,稳定长
292,009587.OF,长,长,长,长,长,长,稳定长
293,009831.OF,长,长,长,长,长,长,稳定长
294,005369.OF,长,长,长,长,长,长,稳定长
295,006172.OF,长,长,长,长,长,长,稳定长
296,007714.OF,长,长,长,长,长,长,稳定长
297,015624.OF,长,长,长,长,长,长,稳定长
298,005622.OF,长,长,长,长,长,长,稳定长
299,009237.OF,长,长,长,长,长,长,稳定长
300,519782.OF,长,长,长,长,长,长,稳定长
301,000516.OF,长,长,长,长,长,长,稳定长
302,007645.OF,长,长,长,长,长,长,稳定长
303,002600.OF,长,长,长,长,长,长,稳定长
304,008017.OF,长,长,长,长,长,长,稳定长
305,519137.OF,长,长,长,长,长,长,稳定长
306,002377.OF,长,长,长,长,长,长,稳定长
307,014435.OF,长,长,长,长,长,长,稳定长
308,006367.OF,长,长,长,长,长,长,稳定长
309,006504.OF,长,长,长,长,长,长,稳定长
310,006275.OF,长,长,长,长,长,长,稳定长
311,005606.OF,长,长,长,长,长,长,稳定长
312,006919.OF,长,长,长,长,长,长,稳定长
313,008995.OF,长,长,长,长,长,长,稳定长
314,008558.OF,长,长,长,长,长,长,稳定长
315,010479.OF,长,长,长,长,长,长,稳定长
316,519138.OF,长,长,长,长,长,长,稳定长
317,006635.OF,长,长,长,长,长,长,稳定长
318,007595.OF,长,长,长,长,长,长,稳定长
319,519225.OF,长,长,长,长,长,长,稳定长
320,015832.OF,长,长,长,长,长,长,稳定长
321,009922.OF,长,长,长,长,长,长,稳定长
322,015255.OF,长,长,长,长,长,长,稳定长
323,017129.OF,长,长,长,长,长,长,稳定长
324,015834.OF,长,长,长,长,长,长,稳定长
325,006151.OF,长,长,长,长,长,长,稳定长
326,008826.OF,长,长,长,长,长,长,稳定长
327,007600.OF,长,长,长,长,长,长,稳定长
328,000032.OF,长,长,长,长,长,长,稳定长
329,004136.OF,长,长,长,长,长,长,稳定长
330,070037.OF,长,长,长,长,长,长,稳定长
331,009809.OF,长,长,长,长,长,长,稳定长
332,016011.OF,中,中,中,中,中,中,稳定中
333,009309.OF,中,中,中,中,中,中,稳定中
334,008863.OF,中,中,中,中,中,中,稳定中
335,016689.OF,中,中,中,中,中,中,稳定中
336,013703.OF,中,中,中,中,中,中,稳定中
337,014248.OF,中,中,中,中,中,中,稳定中
338,004366.OF,中,中,中,中,中,中,稳定中
339,004504.OF,中,中,中,中,中,中,稳定中
340,007761.OF,中,中,中,中,中,中,稳定中
341,004122.OF,中,中,中,中,中,中,稳定中
342,650001.OF,中,中,中,中,中,中,稳定中
343,006985.OF,中,中,中,中,中,中,稳定中
344,007496.OF,中,中,中,中,中,中,稳定中
345,017428.OF,中,中,中,中,中,中,稳定中
346,016189.OF,中,中,中,中,中,中,稳定中
347,160618.SZ,中,中,中,中,中,中,稳定中
348,000606.OF,中,中,中,中,中,中,稳定中
349,015423.OF,中,中,中,中,中,中,稳定中
350,007619.OF,中,中,中,中,中,中,稳定中
351,006850.OF,中,中,中,中,中,中,稳定中
352,005024.OF,中,中,中,中,中,中,稳定中
353,005171.OF,中,中,中,中,中,中,稳定中
354,007680.OF,中,中,中,中,中,中,稳定中
355,002970.OF,中,中,中,中,中,中,稳定中
356,013419.OF,中,中,中,中,中,中,稳定中
357,016191.OF,中,中,中,中,中,中,稳定中
358,007104.OF,中,中,中,中,中,中,稳定中
359,000552.OF,中,中,中,中,中,中,稳定中
360,013487.OF,中,中,中,中,中,中,稳定中
361,015852.OF,中,中,中,中,中,中,稳定中
362,003662.OF,中,中,中,中,中,中,稳定中
363,005971.OF,中,中,中,中,中,中,稳定中
364,017671.OF,中,中,中,中,中,中,稳定中
365,009001.OF,中,中,中,中,中,中,稳定中
366,009105.OF,中,中,中,中,中,中,稳定中
367,485107.OF,中,中,中,中,中,中,稳定中
368,000205.OF,中,中,中,中,中,中,稳定中
369,217022.OF,中,中,中,中,中,中,稳定中
370,005719.OF,中,中,中,中,中,中,稳定中
371,012273.OF,中,中,中,中,中,中,稳定中
372,007576.OF,中,中,中,中,中,中,稳定中
373,004911.OF,中,中,中,中,中,中,稳定中
374,008738.OF,中,中,中,中,中,中,稳定中
375,003192.OF,中,中,中,中,中,中,稳定中
376,161115.SZ,中,中,中,中,中,中,稳定中
377,003269.OF,中,中,中,中,中,中,稳定中
378,017432.OF,中,中,中,中,中,中,稳定中
379,008383.OF,中,中,中,中,中,中,稳定中
380,006107.OF,中,中,中,中,中,中,稳定中
381,007537.OF,中,中,中,中,中,中,稳定中
382,014231.OF,中,中,中,中,中,中,稳定中
383,007935.OF,中,中,中,中,中,中,稳定中
384,007744.OF,中,中,中,中,中,中,稳定中
385,013456.OF,中,中,中,中,中,中,稳定中
386,017328.OF,中,中,中,中,中,中,稳定中
387,012279.OF,中,中,中,中,中,中,稳定中
388,005577.OF,中,中,中,中,中,中,稳定中
389,010092.OF,中,中,中,中,中,中,稳定中
390,008516.OF,中,中,中,中,中,中,稳定中
391,009271.OF,中,中,中,中,中,中,稳定中
392,011890.OF,中,中,中,中,中,中,稳定中
393,005200.OF,中,中,中,中,中,中,稳定中
394,000943.OF,中,中,中,中,中,中,稳定中
395,014714.OF,中,中,中,中,中,中,稳定中
396,003445.OF,中,中,中,中,中,中,稳定中
397,008620.OF,中,中,中,中,中,中,稳定中
398,006045.OF,中,中,中,中,中,中,稳定中
399,005684.OF,中,中,中,中,中,中,稳定中
400,007762.OF,中,中,中,中,中,中,稳定中
401,519322.OF,中,中,中,中,中,中,稳定中
402,005864.OF,中,中,中,中,中,中,稳定中
403,017307.OF,中,中,中,中,中,中,稳定中
404,017137.OF,中,中,中,中,中,中,稳定中
405,009343.OF,中,中,中,中,中,中,稳定中
406,006901.OF,中,中,中,中,中,中,稳定中
407,000265.OF,中,中,中,中,中,中,稳定中
408,006582.OF,中,中,中,中,中,中,稳定中
409,005099.OF,中,中,中,中,中,中,稳定中
410,002354.OF,中,中,中,中,中,中,稳定中
411,009091.OF,中,中,中,中,中,中,稳定中
412,004479.OF,中,中,中,中,中,中,稳定中
413,006869.OF,中,中,中,中,中,中,稳定中
414,162715.SZ,中,中,中,中,中,中,稳定中
415,000931.OF,中,中,中,中,中,中,稳定中
416,008762.OF,中,中,中,中,中,中,稳定中
417,004307.OF,中,中,中,中,中,中,稳定中
418,007572.OF,中,中,中,中,中,中,稳定中
419,006120.OF,中,中,中,中,中,中,稳定中
420,008661.OF,中,中,中,中,中,中,稳定中
421,015018.OF,中,中,中,中,中,中,稳定中
422,014966.OF,中,中,中,中,中,中,稳定中
423,005336.OF,中,中,中,中,中,中,稳定中
424,013494.OF,中,中,中,中,中,中,稳定中
425,005419.OF,中,中,中,中,中,中,稳定中
426,004322.OF,中,中,中,中,中,中,稳定中
427,014234.OF,中,中,中,中,中,中,稳定中
428,014452.OF,中,中,中,中,中,中,稳定中
429,007772.OF,中,中,中,中,中,中,稳定中
430,000084.OF,中,中,中,中,中,中,稳定中
431,003289.OF,中,中,中,中,中,中,稳定中
432,002832.OF,中,中,中,中,中,中,稳定中
433,008465.OF,中,中,中,中,中,中,稳定中
434,001578.OF,中,中,中,中,中,中,稳定中
435,000183.OF,中,中,中,中,中,中,稳定中
436,004238.OF,中,中,中,中,中,中,稳定中
437,004919.OF,中,中,中,中,中,中,稳定中
438,005784.OF,中,中,中,中,中,中,稳定中
439,006944.OF,中,中,中,中,中,中,稳定中
440,016793.OF,中,中,中,中,中,中,稳定中
441,013976.OF,中,中,中,中,中,中,稳定中
442,519334.OF,中,中,中,中,中,中,稳定中
443,040040.OF,中,中,中,中,中,中,稳定中
444,011943.OF,中,中,中,中,中,中,稳定中
445,008730.OF,中,中,中,中,中,中,稳定中
446,006772.OF,中,中,中,中,中,中,稳定中
447,006332.OF,中,中,中,中,中,中,稳定中
448,009920.OF,中,中,中,中,中,中,稳定中
449,007740.OF,中,中,中,中,中,中,稳定中
450,008207.OF,中,中,中,中,中,中,稳定中
451,010653.OF,中,中,中,中,中,中,稳定中
452,007529.OF,中,中,中,中,中,中,稳定中
453,013723.OF,中,中,中,中,中,中,稳定中
454,006171.OF,中,中,中,中,中,中,稳定中
455,008204.OF,中,中,中,中,中,中,稳定中
456,015487.OF,中,中,中,中,中,中,稳定中
457,004978.OF,中,中,中,中,中,中,稳定中
458,008539.OF,中,中,中,中,中,中,稳定中
459,017777.OF,中,中,中,中,中,中,稳定中
460,003847.OF,中,中,中,中,中,中,稳定中
461,160128.SZ,中,中,中,中,中,中,稳定中
462,005398.OF,中,中,中,中,中,中,稳定中
463,008857.OF,中,中,中,中,中,中,稳定中
464,007618.OF,中,中,中,中,中,中,稳定中
465,007616.OF,中,中,中,中,中,中,稳定中
466,164703.SZ,中,中,中,中,中,中,稳定中
467,011655.OF,中,中,中,中,中,中,稳定中
468,002930.OF,中,中,中,中,中,中,稳定中
469,100018.OF,中,中,中,中,中,中,稳定中
470,005921.OF,中,中,中,中,中,中,稳定中
471,007086.OF,中,中,中,中,中,中,稳定中
472,009577.OF,中,中,中,中,中,中,稳定中
473,016585.OF,中,中,中,中,中,中,稳定中
474,070005.OF,中,中,中,中,中,中,稳定中
475,016009.OF,中,中,中,中,中,中,稳定中
476,004141.OF,中,中,中,中,中,中,稳定中
477,003571.OF,中,中,中,中,中,中,稳定中
478,014778.OF,中,中,中,中,中,中,稳定中
479,015049.OF,中,中,中,中,中,中,稳定中
480,015397.OF,中,中,中,中,中,中,稳定中
481,010946.OF,中,中,中,中,中,中,稳定中
482,015315.OF,中,中,中,中,中,中,稳定中
483,014257.OF,中,中,中,中,中,中,稳定中
484,014230.OF,中,中,中,中,中,中,稳定中
485,008521.OF,中,中,中,中,中,中,稳定中
486,008349.OF,中,中,中,中,中,中,稳定中
487,003590.OF,中,中,中,中,中,中,稳定中
488,007584.OF,中,中,中,中,中,中,稳定中
489,001783.OF,中,中,中,中,中,中,稳定中
490,003309.OF,中,中,中,中,中,中,稳定中
491,008648.OF,中,中,中,中,中,中,稳定中
492,011968.OF,中,中,中,中,中,中,稳定中
493,008130.OF,中,中,中,中,中,中,稳定中
494,005703.OF,中,中,中,中,中,中,稳定中
495,002750.OF,中,中,中,中,中,中,稳定中
496,007213.OF,中,中,中,中,中,中,稳定中
497,009450.OF,中,中,中,中,中,中,稳定中
498,017687.OF,中,中,中,中,中,中,稳定中
499,003268.OF,中,中,中,中,中,中,稳定中
500,002781.OF,中,中,中,中,中,中,稳定中
501,007454.OF,中,中,中,中,中,中,稳定中
502,009655.OF,中,中,中,中,中,中,稳定中
503,485022.OF,中,中,中,中,中,中,稳定中
504,008674.OF,中,中,中,中,中,中,稳定中
505,006378.OF,中,中,中,中,中,中,稳定中
506,006660.OF,中,中,中,中,中,中,稳定中
507,016111.OF,中,中,中,中,中,中,稳定中
508,015260.OF,中,中,中,中,中,中,稳定中
509,003454.OF,中,中,中,中,中,中,稳定中
510,006464.OF,中,中,中,中,中,中,稳定中
511,007930.OF,中,中,中,中,中,中,稳定中
512,161014.SZ,中,中,中,中,中,中,稳定中
513,015893.OF,中,中,中,中,中,中,稳定中
514,005525.OF,中,中,中,中,中,中,稳定中
515,016172.OF,中,中,中,中,中,中,稳定中
516,004614.OF,中,中,中,中,中,中,稳定中
517,011699.OF,中,中,中,中,中,中,稳定中
518,519762.OF,中,中,中,中,中,中,稳定中
519,013351.OF,中,中,中,中,中,中,稳定中
520,003213.OF,中,中,中,中,中,中,稳定中
521,004910.OF,中,中,中,中,中,中,稳定中
522,010083.OF,中,中,中,中,中,中,稳定中
523,110051.OF,中,中,中,中,中,中,稳定中
524,007451.OF,中,中,中,中,中,中,稳定中
525,002336.OF,中,中,中,中,中,中,稳定中
526,008761.OF,中,中,中,中,中,中,稳定中
527,013699.OF,中,中,中,中,中,中,稳定中
528,008651.OF,中,中,中,中,中,中,稳定中
529,001993.OF,中,中,中,中,中,中,稳定中
530,005736.OF,中,中,中,中,中,中,稳定中
531,006846.OF,中,中,中,中,中,中,稳定中
532,000005.OF,中,中,中,中,中,中,稳定中
533,100072.OF,中,中,中,中,中,中,稳定中
534,016614.OF,中,中,中,中,中,中,稳定中
535,003315.OF,中,中,中,中,中,中,稳定中
536,003832.OF,中,中,中,中,中,中,稳定中
537,005920.OF,中,中,中,中,中,中,稳定中
538,014242.OF,中,中,中,中,中,中,稳定中
539,006489.OF,中,中,中,中,中,中,稳定中
540,011292.OF,中,中,中,中,中,中,稳定中
541,007888.OF,中,中,中,中,中,中,稳定中
542,013206.OF,中,中,中,中,中,中,稳定中
543,010632.OF,中,中,中,中,中,中,稳定中
544,003223.OF,中,中,中,中,中,中,稳定中
545,015949.OF,中,中,中,中,中,中,稳定中
546,519330.OF,中,中,中,中,中,中,稳定中
547,001619.OF,中,中,中,中,中,中,稳定中
548,014721.OF,中,中,中,中,中,中,稳定中
549,007427.OF,中,中,中,中,中,中,稳定中
550,004118.OF,中,中,中,中,中,中,稳定中
551,006956.OF,中,中,中,中,中,中,稳定中
552,202103.OF,中,中,中,中,中,中,稳定中
553,008411.OF,中,中,中,中,中,中,稳定中
554,013821.OF,中,中,中,中,中,中,稳定中
555,004601.OF,中,中,中,中,中,中,稳定中
556,008575.OF,中,中,中,中,中,中,稳定中
557,002524.OF,中,中,中,中,中,中,稳定中
558,007053.OF,中,中,中,中,中,中,稳定中
559,007017.OF,中,中,中,中,中,中,稳定中
560,000345.OF,中,中,中,中,中,中,稳定中
561,007199.OF,中,中,中,中,中,中,稳定中
562,012290.OF,中,中,中,中,中,中,稳定中
563,006653.OF,中,中,中,中,中,中,稳定中
564,006995.OF,中,中,中,中,中,中,稳定中
565,005590.OF,中,中,中,中,中,中,稳定中
566,011683.OF,中,中,中,中,中,中,稳定中
567,010477.OF,中,中,中,中,中,中,稳定中
568,016609.OF,中,中,中,中,中,中,稳定中
569,519680.OF,中,中,中,中,中,中,稳定中
570,008231.OF,中,中,中,中,中,中,稳定中
571,007562.OF,中,中,中,中,中,中,稳定中
572,014952.OF,中,中,中,中,中,中,稳定中
573,002898.OF,中,中,中,中,中,中,稳定中
574,013265.OF,中,中,中,中,中,中,稳定中
575,013068.OF,中,中,中,中,中,中,稳定中
576,016034.OF,中,中,中,中,中,中,稳定中
577,009685.OF,中,中,中,中,中,中,稳定中
578,010084.OF,中,中,中,中,中,中,稳定中
579,009483.OF,中,中,中,中,中,中,稳定中
580,006963.OF,中,中,中,中,中,中,稳定中
581,000469.OF,中,中,中,中,中,中,稳定中
582,519324.OF,中,中,中,中,中,中,稳定中
583,015653.OF,中,中,中,中,中,中,稳定中
584,007871.OF,中,中,中,中,中,中,稳定中
585,008463.OF,中,中,中,中,中,中,稳定中
586,005841.OF,中,中,中,中,中,中,稳定中
587,519718.OF,中,中,中,中,中,中,稳定中
588,004839.OF,中,中,中,中,中,中,稳定中
589,005393.OF,中,中,中,中,中,中,稳定中
590,006468.OF,中,中,中,中,中,中,稳定中
591,002552.OF,中,中,中,中,中,中,稳定中
592,016247.OF,中,中,中,中,中,中,稳定中
593,007525.OF,中,中,中,中,中,中,稳定中
594,002466.OF,中,中,中,中,中,中,稳定中
595,013375.OF,中,中,中,中,中,中,稳定中
596,006097.OF,中,中,中,中,中,中,稳定中
597,015811.OF,中,中,中,中,中,中,稳定中
598,519746.OF,中,中,中,中,中,中,稳定中
599,013087.OF,中,中,中,中,中,中,稳定中
600,007949.OF,中,中,中,中,中,中,稳定中
601,012803.OF,中,中,中,中,中,中,稳定中
602,014965.OF,中,中,中,中,中,中,稳定中
603,011953.OF,中,中,中,中,中,中,稳定中
604,002341.OF,中,中,中,中,中,中,稳定中
605,003039.OF,中,中,中,中,中,中,稳定中
606,003607.OF,中,中,中,中,中,中,稳定中
607,005594.OF,中,中,中,中,中,中,稳定中
608,004032.OF,中,中,中,中,中,中,稳定中
609,013780.OF,中,中,中,中,中,中,稳定中
610,005648.OF,中,中,中,中,中,中,稳定中
611,007953.OF,中,中,中,中,中,中,稳定中
612,003155.OF,中,中,中,中,中,中,稳定中
613,006066.OF,中,中,中,中,中,中,稳定中
614,005124.OF,中,中,中,中,中,中,稳定中
615,006915.OF,中,中,中,中,中,中,稳定中
616,008497.OF,中,中,中,中,中,中,稳定中
617,016212.OF,中,中,中,中,中,中,稳定中
618,009294.OF,中,中,中,中,中,中,稳定中
619,012773.OF,中,中,中,中,中,中,稳定中
620,007691.OF,中,中,中,中,中,中,稳定中
621,008650.OF,中,中,中,中,中,中,稳定中
622,004027.OF,中,中,中,中,中,中,稳定中
623,006984.OF,中,中,中,中,中,中,稳定中
624,007681.OF,中,中,中,中,中,中,稳定中
625,007706.OF,中,中,中,中,中,中,稳定中
626,004126.OF,中,中,中,中,中,中,稳定中
627,002143.OF,中,中,中,中,中,中,稳定中
628,004498.OF,中,中,中,中,中,中,稳定中
629,007954.OF,中,中,中,中,中,中,稳定中
630,004388.OF,中,中,中,中,中,中,稳定中
631,008352.OF,中,中,中,中,中,中,稳定中
632,013538.OF,中,中,中,中,中,中,稳定中
633,005531.OF,中,中,中,中,中,中,稳定中
634,004555.OF,中,中,中,中,中,中,稳定中
635,015858.OF,中,中,中,中,中,中,稳定中
636,005469.OF,中,中,中,中,中,中,稳定中
637,014004.OF,中,中,中,中,中,中,稳定中
638,001961.OF,中,中,中,中,中,中,稳定中
639,008875.OF,中,中,中,中,中,中,稳定中
640,004200.OF,中,中,中,中,中,中,稳定中
641,011719.OF,中,中,中,中,中,中,稳定中
642,016235.OF,中,中,中,中,中,中,稳定中
643,003214.OF,中,中,中,中,中,中,稳定中
644,018011.OF,中,中,中,中,中,中,稳定中
645,006552.OF,中,中,中,中,中,中,稳定中
646,001246.OF,中,中,中,中,中,中,稳定中
647,015530.OF,中,中,中,中,中,中,稳定中
648,009289.OF,中,中,中,中,中,中,稳定中
649,012451.OF,中,中,中,中,中,中,稳定中
650,008807.OF,中,中,中,中,中,中,稳定中
651,013408.OF,中,中,中,中,中,中,稳定中
652,519332.OF,中,中,中,中,中,中,稳定中
653,002445.OF,中,中,中,中,中,中,稳定中
654,010232.OF,中,中,中,中,中,中,稳定中
655,002447.OF,中,中,中,中,中,中,稳定中
656,519784.OF,中,中,中,中,中,中,稳定中
657,002755.OF,中,中,中,中,中,中,稳定中
658,006684.OF,中,中,中,中,中,中,稳定中
659,000191.OF,中,中,中,中,中,中,稳定中
660,010836.OF,中,中,中,中,中,中,稳定中
661,006874.OF,中,中,中,中,中,中,稳定中
662,015469.OF,中,中,中,中,中,中,稳定中
663,013062.OF,中,中,中,中,中,中,稳定中
664,002698.OF,短,短,短,短,短,短,稳定短
665,005782.OF,短,短,短,短,短,短,稳定短
666,003809.OF,短,短,短,短,短,短,稳定短
667,012489.OF,短,短,短,短,短,短,稳定短
668,014959.OF,短,短,短,短,短,短,稳定短
669,006053.OF,短,短,短,短,短,短,稳定短
670,006929.OF,短,短,短,短,短,短,稳定短
671,007215.OF,短,短,短,短,短,短,稳定短
672,006740.OF,短,短,短,短,短,短,稳定短
673,009257.OF,短,短,短,短,短,短,稳定短
674,004920.OF,短,短,短,短,短,短,稳定短
675,010634.OF,短,短,短,短,短,短,稳定短
676,015848.OF,短,短,短,短,短,短,稳定短
677,005772.OF,短,短,短,短,短,短,稳定短
678,006393.OF,短,短,短,短,短,短,稳定短
679,017812.OF,短,短,短,短,短,短,稳定短
680,005836.OF,短,短,短,短,短,短,稳定短
681,008902.OF,短,短,短,短,短,短,稳定短
682,006986.OF,短,短,短,短,短,短,稳定短
683,009292.OF,短,短,短,短,短,短,稳定短
684,016024.OF,短,短,短,短,短,短,稳定短
685,011088.OF,短,短,短,短,短,短,稳定短
686,004061.OF,短,短,短,短,短,短,稳定短
687,005388.OF,短,短,短,短,短,短,稳定短
688,004954.OF,短,短,短,短,短,短,稳定短
689,000090.OF,短,短,短,短,短,短,稳定短
690,675041.OF,短,短,短,短,短,短,稳定短
691,007440.OF,短,短,短,短,短,短,稳定短
692,002927.OF,短,短,短,短,短,短,稳定短
693,460008.OF,短,短,短,短,短,短,稳定短
694,161117.SZ,短,短,短,短,短,短,稳定短
695,000295.OF,短,短,短,短,短,短,稳定短
696,006771.OF,短,短,短,短,短,短,稳定短
697,014973.OF,短,短,短,短,短,短,稳定短
698,007585.OF,短,短,短,短,短,短,稳定短
699,018252.OF,短,短,短,短,短,短,稳定短
700,007105.OF,短,短,短,短,短,短,稳定短
701,005879.OF,短,短,短,短,短,短,稳定短
702,005439.OF,短,短,短,短,短,短,稳定短
703,003193.OF,短,短,短,短,短,短,稳定短
704,015815.OF,短,短,短,短,短,短,稳定短
705,004797.OF,短,短,短,短,短,短,稳定短
706,013804.OF,短,短,短,短,短,短,稳定短
707,008429.OF,短,短,短,短,短,短,稳定短
708,004923.OF,短,短,短,短,短,短,稳定短
709,002985.OF,短,短,短,短,短,短,稳定短
710,005781.OF,短,短,短,短,短,短,稳定短
711,008646.OF,短,短,短,短,短,短,稳定短
712,012750.OF,短,短,短,短,短,短,稳定短
713,018196.OF,短,短,短,短,短,短,稳定短
714,009207.OF,短,短,短,短,短,短,稳定短
715,006782.OF,短,短,短,短,短,短,稳定短
716,016799.OF,短,短,短,短,短,短,稳定短
717,100066.OF,短,短,短,短,短,短,稳定短
718,008409.OF,短,短,短,短,短,短,稳定短
719,013405.OF,短,短,短,短,短,短,稳定短
720,007220.OF,短,短,短,短,短,短,稳定短
721,008229.OF,短,短,短,短,短,短,稳定短
722,017024.OF,短,短,短,短,短,短,稳定短
723,015720.OF,短,短,短,短,短,短,稳定短
724,007828.OF,短,短,短,短,短,短,稳定短
725,012941.OF,短,短,短,短,短,短,稳定短
726,003746.OF,短,短,短,短,短,短,稳定短
727,006360.OF,短,短,短,短,短,短,稳定短
728,015830.OF,短,短,短,短,短,短,稳定短
729,010471.OF,短,短,短,短,短,短,稳定短
730,090021.OF,短,短,短,短,短,短,稳定短
731,003329.OF,短,短,短,短,短,短,稳定短
732,002603.OF,短,短,短,短,短,短,稳定短
733,015853.OF,短,短,短,短,短,短,稳定短
734,160602.OF,短,短,短,短,短,短,稳定短
735,006797.OF,短,短,短,短,短,短,稳定短
736,008242.OF,短,短,短,短,短,短,稳定短
737,006570.OF,短,短,短,短,短,短,稳定短
738,017305.OF,短,短,短,短,短,短,稳定短
739,004637.OF,短,短,短,短,短,短,稳定短
740,007603.OF,短,短,短,短,短,短,稳定短
741,006591.OF,短,短,短,短,短,短,稳定短
742,016816.OF,短,短,短,短,短,短,稳定短
743,016510.OF,短,短,短,短,短,短,稳定短
744,000355.OF,短,短,短,短,短,短,稳定短
745,018275.OF,短,短,短,短,短,短,稳定短
746,100058.OF,短,短,短,短,短,短,稳定短
747,008266.OF,短,短,短,短,短,短,稳定短
748,006032.OF,短,短,短,短,短,短,稳定短
749,011294.OF,短,短,短,短,短,短,稳定短
750,007852.OF,短,短,短,短,短,短,稳定短
751,006137.OF,短,短,短,短,短,短,稳定短
752,016411.OF,短,短,短,短,短,短,稳定短
753,014097.OF,短,短,短,短,短,短,稳定短
754,015552.OF,短,短,短,短,短,短,稳定短
755,009252.OF,短,短,短,短,短,短,稳定短
756,011529.OF,短,短,短,短,短,短,稳定短
757,004705.OF,短,短,短,短,短,短,稳定短
758,007373.OF,短,短,短,短,短,短,稳定短
759,008829.OF,短,短,短,短,短,短,稳定短
760,007295.OF,短,短,短,短,短,短,稳定短
761,003730.OF,短,短,短,短,短,短,稳定短
762,005931.OF,短,短,短,短,短,短,稳定短
763,008862.OF,短,短,短,短,短,短,稳定短
764,007050.OF,短,短,短,短,短,短,稳定短
765,015492.OF,短,短,短,短,短,短,稳定短
766,006750.OF,短,短,短,短,短,短,稳定短
767,013077.OF,短,短,短,短,短,短,稳定短
768,006629.OF,短,短,短,短,短,短,稳定短
769,008774.OF,短,短,短,短,短,短,稳定短
770,002904.OF,短,短,短,短,短,短,稳定短
771,006599.OF,短,短,短,短,短,短,稳定短
772,110053.OF,短,短,短,短,短,短,稳定短
773,014012.OF,短,短,短,短,短,短,稳定短
774,007061.OF,短,短,短,短,短,短,稳定短
775,000244.OF,短,短,短,短,短,短,稳定短
776,004020.OF,短,短,短,短,短,短,稳定短
777,013075.OF,短,短,短,短,短,短,稳定短
778,017006.OF,短,短,短,短,短,短,稳定短
779,012468.OF,短,短,短,短,短,短,稳定短
780,013373.OF,短,短,短,短,短,短,稳定短
781,007121.OF,短,短,短,短,短,短,稳定短
782,040045.OF,短,短,短,短,短,短,稳定短
783,007542.OF,短,短,短,短,短,短,稳定短
784,007167.OF,短,短,短,短,短,短,稳定短
785,014517.OF,短,短,短,短,短,短,稳定短
786,016790.OF,短,短,短,短,短,短,稳定短
787,005435.OF,短,短,短,短,短,短,稳定短
788,008796.OF,短,短,短,短,短,短,稳定短
789,004672.OF,短,短,短,短,短,短,稳定短
790,013718.OF,短,短,短,短,短,短,稳定短
791,015516.OF,短,短,短,短,短,短,稳定短
792,004031.OF,短,短,短,短,短,短,稳定短
793,009298.OF,短,短,短,短,短,短,稳定短
794,006405.OF,短,短,短,短,短,短,稳定短
795,003869.OF,短,短,短,短,短,短,稳定短
796,003660.OF,短,短,短,短,短,短,稳定短
797,006776.OF,短,短,短,短,短,短,稳定短
798,005322.OF,短,短,短,短,短,短,稳定短
799,014446.OF,短,短,短,短,短,短,稳定短
800,012567.OF,短,短,短,短,短,短,稳定短
801,003290.OF,短,短,短,短,短,短,稳定短
802,016875.OF,短,短,短,短,短,短,稳定短
803,006804.OF,短,短,短,短,短,短,稳定短
804,013522.OF,短,短,短,短,短,短,稳定短
805,002395.OF,短,短,短,短,短,短,稳定短
806,011067.OF,短,短,短,短,短,短,稳定短
807,005307.OF,短,短,短,短,短,短,稳定短
808,005845.OF,短,短,短,短,短,短,稳定短
809,002578.OF,短,短,短,短,短,短,稳定短
810,013901.OF,短,短,短,短,短,短,稳定短
811,013065.OF,短,短,短,短,短,短,稳定短
812,006646.OF,短,短,短,短,短,短,稳定短
813,013336.OF,短,短,短,短,短,短,稳定短
814,005709.OF,短,短,短,短,短,短,稳定短
815,012356.OF,短,短,短,短,短,短,稳定短
816,006885.OF,短,短,短,短,短,短,稳定短
817,011617.OF,短,短,短,短,短,短,稳定短
818,006884.OF,短,短,短,短,短,短,稳定短
819,006824.OF,短,短,短,短,短,短,稳定短
820,005854.OF,短,短,短,短,短,短,稳定短
821,007754.OF,短,短,短,短,短,短,稳定短
822,016396.OF,短,短,短,短,短,短,稳定短
823,011961.OF,短,短,短,短,短,短,稳定短
824,007513.OF,短,短,短,短,短,短,稳定短
825,015581.OF,短,短,短,短,短,短,稳定短
826,008366.OF,短,短,短,短,短,短,稳定短
827,015473.OF,短,短,短,短,短,短,稳定短
828,013563.OF,短,短,短,短,短,短,稳定短
829,006436.OF,短,短,短,短,短,短,稳定短
830,005853.OF,短,短,短,短,短,短,稳定短
831,006953.OF,短,短,短,短,短,短,稳定短
832,002483.OF,短,短,短,短,短,短,稳定短
833,002301.OF,短,短,短,短,短,短,稳定短
834,008406.OF,短,短,短,短,短,短,稳定短
835,007515.OF,短,短,短,短,短,短,稳定短
836,005816.OF,短,短,短,短,短,短,稳定短
837,008582.OF,短,短,短,短,短,短,稳定短
838,001545.OF,短,短,短,短,短,短,稳定短
839,016483.OF,短,短,短,短,短,短,稳定短
840,006677.OF,短,短,短,短,短,短,稳定短
841,012265.OF,短,短,短,短,短,短,稳定短
842,015925.OF,短,短,短,短,短,短,稳定短
843,005383.OF,短,短,短,短,短,短,稳定短
844,012580.OF,短,短,短,短,短,短,稳定短
845,015081.OF,短,短,短,短,短,短,稳定短
846,007374.OF,短,短,短,短,短,短,稳定短
847,012933.OF,短,短,短,短,短,短,稳定短
848,013838.OF,短,短,短,短,短,短,稳定短
849,006852.OF,短,短,短,短,短,短,稳定短
850,016871.OF,短,短,短,短,短,短,稳定短
851,016526.OF,短,短,短,短,短,短,稳定短
852,014252.OF,短,短,短,短,短,短,稳定短
853,006169.OF,短,短,短,短,短,短,稳定短
854,017614.OF,短,短,短,短,短,短,稳定短
855,004030.OF,短,短,短,短,短,短,稳定短
856,007535.OF,短,短,短,短,短,短,稳定短
857,017529.OF,短,短,短,短,短,短,稳定短
858,006764.OF,短,短,短,短,短,短,稳定短
859,009599.OF,短,短,短,短,短,短,稳定短
860,003428.OF,短,短,短,短,短,短,稳定短
861,010048.OF,短,短,短,短,短,短,稳定短
862,005754.OF,短,短,短,短,短,短,稳定短
863,013216.OF,短,短,短,短,短,短,稳定短
864,004736.OF,短,短,短,短,短,短,稳定短
865,013808.OF,短,短,短,短,短,短,稳定短
866,006088.OF,短,短,短,短,短,短,稳定短
867,007560.OF,短,短,短,短,短,短,稳定短
868,012101.OF,短,短,短,短,短,短,稳定短
869,013648.OF,短,短,短,短,短,短,稳定短
870,007915.OF,短,短,短,短,短,短,稳定短
871,016947.OF,短,短,短,短,短,短,稳定短
872,005362.OF,短,短,短,短,短,短,稳定短
873,003280.OF,短,短,短,短,短,短,稳定短
874,519328.OF,短,短,短,短,短,短,稳定短
875,012229.OF,短,短,短,短,短,短,稳定短
876,000111.OF,短,短,短,短,短,短,稳定短
877,016427.OF,短,短,短,短,短,短,稳定短
878,006893.OF,短,短,短,短,短,短,稳定短
879,013799.OF,短,短,短,短,短,短,稳定短
880,016674.OF,短,短,短,短,短,短,稳定短
881,004887.OF,短,短,短,短,短,短,稳定短
882,015654.OF,短,短,短,短,短,短,稳定短
883,006793.OF,短,短,短,短,短,短,稳定短
884,004956.OF,短,短,短,短,短,短,稳定短
885,007997.OF,短,短,短,短,短,短,稳定短
886,006597.OF,短,短,短,短,短,短,稳定短
887,013728.OF,短,短,短,短,短,短,稳定短
888,018085.OF,短,短,短,短,短,短,稳定短
889,008746.OF,短,短,短,短,短,短,稳定短
890,015917.OF,短,短,短,短,短,短,稳定短
891,006806.OF,短,短,短,短,短,短,稳定短
892,000207.OF,短,短,短,短,短,短,稳定短
893,016497.OF,短,短,短,短,短,短,稳定短
894,014856.OF,短,短,短,短,短,短,稳定短
895,004052.OF,短,短,短,短,短,短,稳定短
896,000346.OF,短,短,短,短,短,短,稳定短
897,009356.OF,短,短,短,短,短,短,稳定短
898,008302.OF,短,短,短,短,短,短,稳定短
899,001368.OF,短,短,短,短,短,短,稳定短
900,007717.OF,短,短,短,短,短,短,稳定短
901,006834.OF,短,短,短,短,短,短,稳定短
902,014815.OF,短,短,短,短,短,短,稳定短
903,002864.OF,短,短,短,短,短,短,稳定短
904,015746.OF,短,短,短,短,短,短,稳定短
905,006626.OF,短,短,短,短,短,短,稳定短
906,012823.OF,短,短,短,短,短,短,稳定短
907,016695.OF,短,短,短,短,短,短,稳定短
908,008022.OF,短,短,短,短,短,短,稳定短
909,531028.OF,短,短,短,短,短,短,稳定短
910,007996.OF,短,短,短,短,短,短,稳定短
911,012452.OF,短,短,短,短,短,短,稳定短
912,008278.OF,短,短,短,短,短,短,稳定短
913,000139.OF,短,短,短,短,短,短,稳定短
914,006683.OF,短,短,短,短,短,短,稳定短
915,013459.OF,短,短,短,短,短,短,稳定短
916,012352.OF,短,短,短,短,短,短,稳定短
917,006965.OF,短,短,短,短,短,短,稳定短
918,006829.OF,短,短,短,短,短,短,稳定短
919,018666.OF,短,短,短,短,短,短,稳定短
920,017314.OF,短,短,短,短,短,短,稳定短
921,009792.OF,短,短,短,短,短,短,稳定短
922,009851.OF,短,短,短,短,短,短,稳定短
923,010168.OF,短,短,短,短,短,短,稳定短
924,009643.OF,短,短,短,短,短,短,稳定短
925,008223.OF,短,短,短,短,短,短,稳定短
926,003162.OF,短,短,短,短,短,短,稳定短
927,016812.OF,短,短,短,短,短,短,稳定短
928,008104.OF,短,短,短,短,短,短,稳定短
929,017438.OF,短,短,短,短,短,短,稳定短
930,007967.OF,短,短,短,短,短,短,稳定短
931,014476.OF,短,短,短,短,短,短,稳定短
932,006150.OF,短,短,短,短,短,短,稳定短
933,003258.OF,短,短,短,短,短,短,稳定短
934,012395.OF,短,短,短,短,短,短,稳定短
935,006517.OF,短,短,短,短,短,短,稳定短
936,006411.OF,短,短,短,短,短,短,稳定短
937,006076.OF,短,短,短,短,短,短,稳定短
938,007867.OF,短,短,短,短,短,短,稳定短
939,006319.OF,短,短,短,短,短,短,稳定短
940,007158.OF,短,短,短,短,短,短,稳定短
941,007836.OF,短,短,短,短,短,短,稳定短
942,270043.OF,短,短,短,短,短,短,稳定短
943,014740.OF,短,短,短,短,短,短,稳定短
944,006029.OF,短,短,短,短,短,短,稳定短
945,006662.OF,短,短,短,短,短,短,稳定短
946,006664.OF,短,短,短,短,短,短,稳定短
947,007928.OF,短,短,短,短,短,短,稳定短
948,005972.OF,短,短,短,短,短,短,稳定短
949,007758.OF,短,短,短,短,短,短,稳定短
950,006998.OF,短,短,短,短,短,短,稳定短
951,485120.OF,短,短,短,短,短,短,稳定短
952,013864.OF,短,短,短,短,短,短,稳定短
953,000783.OF,短,短,短,短,短,短,稳定短
954,014059.OF,短,短,短,短,短,短,稳定短
955,004544.OF,短,短,短,短,短,短,稳定短
956,014250.OF,短,短,短,短,短,短,稳定短
957,007830.OF,短,短,短,短,短,短,稳定短
958,013236.OF,短,短,短,短,短,短,稳定短
959,017201.OF,短,短,短,短,短,短,稳定短
960,970098.OF,短,短,短,短,短,短,稳定短
961,970096.OF,短,短,短,短,短,短,稳定短
962,007653.OF,短,短,短,短,短,短,稳定短
963,016885.OF,短,短,短,短,短,短,稳定短
964,005718.OF,短,短,短,短,短,短,稳定短
965,009417.OF,短,短,短,短,短,短,稳定短
966,012742.OF,短,短,短,短,短,短,稳定短
967,009212.OF,短,短,短,短,短,短,稳定短
968,007823.OF,短,短,短,短,短,短,稳定短
969,008478.OF,短,短,短,短,短,短,稳定短
970,007268.OF,短,短,短,短,短,短,稳定短
971,009799.OF,短,短,短,短,短,短,稳定短
972,007682.OF,短,短,短,短,短,短,稳定短
973,970132.OF,短,短,短,短,短,短,稳定短
974,014474.OF,短,短,短,短,短,短,稳定短
975,016426.OF,短,短,短,短,短,短,稳定短
976,008027.OF,短,短,短,短,短,短,稳定短
977,261001.OF,短,短,短,短,短,短,稳定短
978,008608.OF,短,短,短,短,短,短,稳定短
979,016208.OF,短,短,短,短,短,短,稳定短
980,000799.OF,短,短,短,短,短,短,稳定短
981,960040.OF,短,短,短,短,短,短,稳定短
982,H000355.OF,短,短,短,短,短,短,稳定短
983,H202108.OF,短,短,短,短,短,短,稳定短
984,H217003.OF,短,短,短,短,短,短,稳定短
985,001369.OF,短,短,短,短,短,短,稳定短
986,011955.OF,短,短,短,短,短,短,稳定短
987,014858.OF,短,短,短,短,短,短,稳定短
988,016432.OF,短,短,短,短,短,短,稳定短
989,016951.OF,短,短,短,短,短,短,稳定短
990,017500.OF,短,短,短,短,短,短,稳定短
991,017681.OF,短,短,短,短,短,短,稳定短
992,018256.OF,短,短,短,短,短,短,稳定短
993,018407.OF,短,短,短,短,短,短,稳定短
994,018559.OF,短,短,短,短,短,短,稳定短
995,018584.OF,短,短,短,短,短,短,稳定短
