,thscode,firstInd,thirdInd
0,600854.SH,家电,白色家电Ⅲ
1,600855.SH,国防军工,航天军工
2,600856.SH,电力及公用事业,燃气
3,600857.SH,商贸零售,贸易Ⅲ
4,600858.SH,商贸零售,百货
5,600859.SH,商贸零售,百货
6,600860.SH,机械,其他专用机械
7,600861.SH,商贸零售,超市及便利店
8,600862.SH,国防军工,其他军工Ⅲ
9,600863.SH,电力及公用事业,火电
10,600864.SH,电力及公用事业,供热或其他
11,600865.SH,商贸零售,百货
12,600866.SH,食品饮料,调味品
13,600867.SH,医药,生物医药Ⅲ
14,600868.SH,电力及公用事业,水电
15,600869.SH,电力设备及新能源,输变电设备
16,600870.SH,家电,黑色家电Ⅲ
17,600871.SH,石油石化,油田服务
18,600872.SH,食品饮料,调味品
19,600873.SH,食品饮料,调味品
20,600874.SH,电力及公用事业,环保
21,600875.SH,电力设备及新能源,核电
22,600876.SH,建材,玻璃Ⅲ
23,600877.SH,汽车,摩托车及其他Ⅲ
24,600879.SH,国防军工,航天军工
25,600880.SH,传媒,出版
26,600881.SH,建材,水泥Ⅲ
27,600882.SH,钢铁,铁矿石
28,600883.SH,,
29,600884.SH,电子,其他元器件Ⅲ
30,600885.SH,电力设备及新能源,太阳能
31,600886.SH,电力及公用事业,火电
32,600887.SH,食品饮料,乳制品
33,600888.SH,有色金属,铝
34,600889.SH,基础化工,粘胶
35,600890.SH,房地产,住宅物业开发
36,600891.SH,商贸零售,百货
37,600892.SH,传媒,电影动画
38,600893.SH,国防军工,航空军工
39,600894.SH,机械,其他运输设备
40,600895.SH,房地产,园区综合开发
41,600896.SH,交通运输,航运
42,600897.SH,交通运输,机场
43,600898.SH,商贸零售,连锁
44,600900.SH,电力及公用事业,水电
45,600903.SH,电力及公用事业,燃气
46,600908.SH,银行,城商行
47,600909.SH,非银行金融,证券Ⅲ
48,600917.SH,电力及公用事业,燃气
49,600919.SH,银行,城商行
50,600926.SH,银行,城商行
51,600933.SH,汽车,汽车零部件Ⅲ
52,600936.SH,传媒,广播电视
53,600939.SH,建筑,建筑施工Ⅲ
54,600958.SH,非银行金融,证券Ⅲ
55,600959.SH,传媒,广播电视
56,600960.SH,汽车,汽车零部件Ⅲ
57,600961.SH,有色金属,铅锌
58,600962.SH,农林牧渔,果蔬饮料
59,600963.SH,轻工制造,造纸Ⅲ
60,600965.SH,农林牧渔,畜牧养殖
61,600966.SH,轻工制造,造纸Ⅲ
62,600967.SH,机械,铁路交通设备
63,600969.SH,电力及公用事业,电网
64,600970.SH,建筑,建筑施工Ⅲ
65,600971.SH,煤炭,动力煤
66,600973.SH,电力设备及新能源,输变电设备
67,600975.SH,农林牧渔,畜牧养殖
68,600976.SH,医药,中成药
69,600977.SH,传媒,电影动画
70,600978.SH,农林牧渔,林木及加工
71,600979.SH,电力及公用事业,电网
72,600980.SH,有色金属,稀有金属Ⅲ
73,600981.SH,商贸零售,贸易Ⅲ
74,600982.SH,电力及公用事业,火电
75,600983.SH,家电,白色家电Ⅲ
76,600984.SH,机械,矿山冶金机械
77,600985.SH,基础化工,民爆用品
78,600986.SH,建筑,建筑施工Ⅲ
79,600987.SH,纺织服装,印染
80,600988.SH,有色金属,黄金
81,600990.SH,国防军工,兵器兵装Ⅲ
82,600992.SH,机械,金属制品Ⅲ
83,600993.SH,医药,中成药
84,600995.SH,电力及公用事业,电网
85,600996.SH,传媒,广播电视
86,600997.SH,煤炭,炼焦煤
87,600998.SH,医药,医药流通
88,600999.SH,非银行金融,证券Ⅲ
89,601000.SH,交通运输,港口
90,601001.SH,煤炭,动力煤
91,601002.SH,机械,金属制品Ⅲ
92,601003.SH,钢铁,板材
93,601005.SH,钢铁,板材
94,601006.SH,交通运输,铁路
95,601007.SH,消费者服务,酒店
96,601008.SH,交通运输,港口
97,601009.SH,银行,城商行
98,601010.SH,商贸零售,百货
99,601011.SH,煤炭,焦炭
100,601012.SH,电力设备及新能源,太阳能
101,601015.SH,煤炭,焦炭
102,601016.SH,电力设备及新能源,风电
103,601018.SH,交通运输,港口
104,601019.SH,传媒,出版
105,601020.SH,有色金属,铅锌
106,601021.SH,交通运输,航空
107,601028.SH,,
108,601038.SH,机械,其他专用机械
109,601058.SH,汽车,汽车零部件Ⅲ
110,601069.SH,有色金属,黄金
111,601086.SH,商贸零售,连锁
112,601088.SH,煤炭,动力煤
113,601098.SH,传媒,出版
114,601099.SH,非银行金融,证券Ⅲ
115,601100.SH,机械,矿山冶金机械
116,601101.SH,煤炭,无烟煤
117,601106.SH,机械,矿山冶金机械
118,601107.SH,交通运输,公路
119,601108.SH,非银行金融,证券Ⅲ
120,601111.SH,交通运输,航空
121,601113.SH,石油石化,其他石化
122,601116.SH,商贸零售,连锁
123,601117.SH,建筑,建筑施工Ⅲ
124,601118.SH,农林牧渔,农产品加工及流通
125,601126.SH,电力设备及新能源,配电设备
126,601127.SH,汽车,乘用车Ⅲ
127,601128.SH,银行,城商行
128,601137.SH,有色金属,铜
129,601139.SH,电力及公用事业,燃气
130,601155.SH,房地产,住宅物业开发
131,601158.SH,电力及公用事业,环保
132,601163.SH,基础化工,橡胶制品
133,601166.SH,银行,全国性股份制银行Ⅲ
134,601168.SH,有色金属,稀有金属Ⅲ
135,601169.SH,银行,城商行
136,601177.SH,机械,基础件
137,601179.SH,电力设备及新能源,输变电设备
138,601186.SH,建筑,建筑施工Ⅲ
139,601188.SH,交通运输,公路
140,601198.SH,非银行金融,证券Ⅲ
141,601199.SH,电力及公用事业,环保
142,601200.SH,电力及公用事业,环保
143,601208.SH,基础化工,涤纶
144,601211.SH,非银行金融,证券Ⅲ
145,601212.SH,有色金属,铜
146,601216.SH,基础化工,氯碱
147,601218.SH,电力设备及新能源,风电
148,601222.SH,电力设备及新能源,配电设备
149,601225.SH,煤炭,动力煤
150,601226.SH,建筑,建筑施工Ⅲ
151,601228.SH,交通运输,港口
152,601229.SH,银行,城商行
153,601231.SH,电子,电子设备Ⅲ
154,601233.SH,石油石化,其他石化
155,601238.SH,汽车,乘用车Ⅲ
156,601258.SH,汽车,汽车销售及服务Ⅲ
157,601288.SH,银行,国有大型银行Ⅲ
158,601311.SH,汽车,汽车零部件Ⅲ
159,601318.SH,非银行金融,保险Ⅲ
160,601326.SH,交通运输,港口
161,601328.SH,银行,国有大型银行Ⅲ
162,601333.SH,交通运输,铁路
163,601336.SH,非银行金融,保险Ⅲ
164,601339.SH,纺织服装,棉纺制品
165,601360.SH,机械,起重运输设备
166,601366.SH,商贸零售,连锁
167,601368.SH,电力及公用事业,环保
168,601369.SH,机械,其他通用机械
169,601375.SH,非银行金融,证券Ⅲ
170,601377.SH,非银行金融,证券Ⅲ
171,601388.SH,有色金属,铝
172,601390.SH,建筑,建筑施工Ⅲ
173,601398.SH,银行,国有大型银行Ⅲ
174,601500.SH,基础化工,橡胶制品
175,601515.SH,轻工制造,印刷
176,601518.SH,交通运输,公路
177,601519.SH,计算机,行业应用软件
178,601555.SH,非银行金融,证券Ⅲ
179,601558.SH,电力设备及新能源,风电
180,601566.SH,纺织服装,大众成人品牌服饰
181,601567.SH,电力设备及新能源,配电设备
182,601579.SH,食品饮料,黄酒
183,601588.SH,房地产,住宅物业开发
184,601595.SH,传媒,电影动画
185,601599.SH,传媒,电影动画
186,601600.SH,有色金属,铝
187,601601.SH,非银行金融,保险Ⅲ
188,601607.SH,医药,医药流通
189,601608.SH,机械,矿山冶金机械
190,601611.SH,建筑,建筑施工Ⅲ
191,601616.SH,电力设备及新能源,输变电设备
192,601618.SH,建筑,建筑施工Ⅲ
193,601619.SH,电力设备及新能源,风电
194,601628.SH,非银行金融,保险Ⅲ
195,601633.SH,汽车,乘用车Ⅲ
196,601636.SH,建材,玻璃Ⅲ
197,601666.SH,煤炭,炼焦煤
198,601668.SH,建筑,建筑施工Ⅲ
199,601669.SH,建筑,建筑施工Ⅲ
200,601677.SH,有色金属,铝
201,601678.SH,,
202,601688.SH,非银行金融,证券Ⅲ
203,601689.SH,汽车,汽车零部件Ⅲ
204,601699.SH,煤炭,炼焦煤
205,601700.SH,电力设备及新能源,输变电设备
206,601717.SH,机械,矿山冶金机械
207,601718.SH,纺织服装,其他纺织
208,601727.SH,电力设备及新能源,太阳能
209,601766.SH,机械,铁路交通设备
210,601777.SH,汽车,摩托车及其他Ⅲ
211,601788.SH,非银行金融,证券Ⅲ
212,601789.SH,建筑,建筑施工Ⅲ
213,601798.SH,机械,其他专用机械
214,601799.SH,汽车,汽车零部件Ⅲ
215,601800.SH,建筑,建筑施工Ⅲ
216,601801.SH,传媒,出版
217,601808.SH,石油石化,油田服务
218,601811.SH,传媒,出版
219,601818.SH,银行,全国性股份制银行Ⅲ
220,601857.SH,石油石化,石油开采Ⅲ
221,601858.SH,传媒,出版
222,601866.SH,交通运输,航运
223,601872.SH,交通运输,航运
224,601877.SH,电力设备及新能源,输变电设备
225,601878.SH,非银行金融,证券Ⅲ
226,601880.SH,交通运输,港口
227,601881.SH,非银行金融,证券Ⅲ
228,601882.SH,机械,机床设备
229,601886.SH,建筑,建筑装修Ⅲ
230,601888.SH,消费者服务,旅游服务
231,601890.SH,机械,其他运输设备
232,601898.SH,煤炭,动力煤
233,601899.SH,有色金属,黄金
234,601900.SH,传媒,出版
235,601901.SH,非银行金融,证券Ⅲ
236,601908.SH,电力设备及新能源,太阳能
237,601918.SH,煤炭,动力煤
238,601919.SH,交通运输,航运
239,601928.SH,传媒,出版
240,601929.SH,传媒,广播电视
241,601933.SH,商贸零售,超市及便利店
242,601939.SH,银行,国有大型银行Ⅲ
243,601949.SH,传媒,出版
244,601952.SH,农林牧渔,种业
245,601958.SH,有色金属,稀有金属Ⅲ
246,601965.SH,汽车,专用汽车
247,601966.SH,基础化工,橡胶制品
248,601968.SH,轻工制造,包装
249,601969.SH,钢铁,铁矿石
250,601985.SH,电力设备及新能源,核电
251,601988.SH,银行,国有大型银行Ⅲ
252,601989.SH,国防军工,其他军工Ⅲ
253,601991.SH,电力及公用事业,火电
254,601992.SH,综合,综合Ⅲ
255,601996.SH,农林牧渔,林木及加工
256,601997.SH,银行,城商行
257,601998.SH,银行,全国性股份制银行Ⅲ
258,601999.SH,传媒,出版
259,603000.SH,传媒,互联网
260,603001.SH,纺织服装,大众成人品牌服饰
261,603002.SH,基础化工,树脂
262,603003.SH,通信,电信运营Ⅲ
263,603005.SH,电子,其他元器件Ⅲ
264,603006.SH,汽车,汽车零部件Ⅲ
265,603007.SH,建筑,建筑装修Ⅲ
266,603008.SH,轻工制造,其他轻工Ⅲ
267,603009.SH,汽车,汽车零部件Ⅲ
268,603010.SH,基础化工,其他化学制品Ⅲ
269,603011.SH,机械,其他通用机械
270,603012.SH,机械,矿山冶金机械
271,603015.SH,机械,基础件
272,603016.SH,电力设备及新能源,输变电设备
273,603017.SH,建筑,建筑施工Ⅲ
274,603018.SH,建筑,建筑施工Ⅲ
275,603019.SH,计算机,通用计算机设备
276,603020.SH,食品饮料,其他食品
277,603021.SH,轻工制造,包装
278,603022.SH,轻工制造,包装
279,603023.SH,汽车,汽车零部件Ⅲ
280,603025.SH,计算机,行业应用软件
281,603026.SH,石油石化,其他石化
282,603027.SH,食品饮料,调味品
283,603028.SH,钢铁,板材
284,603029.SH,机械,其他专用机械
285,603030.SH,建筑,建筑装修Ⅲ
286,603031.SH,商贸零售,超市及便利店
287,603032.SH,交通运输,公交
288,603033.SH,基础化工,其他化学制品Ⅲ
289,603035.SH,汽车,汽车零部件Ⅲ
290,603036.SH,机械,其他专用机械
291,603037.SH,汽车,汽车零部件Ⅲ
292,603038.SH,建材,新型建材及非金属新材料
293,603039.SH,计算机,行业应用软件
294,603040.SH,汽车,汽车零部件Ⅲ
295,603041.SH,基础化工,聚氨酯
296,603042.SH,通信,线缆
297,603043.SH,消费者服务,餐饮
298,603050.SH,电力设备及新能源,输变电设备
299,603055.SH,纺织服装,非棉纺织品
300,603058.SH,轻工制造,包装
301,603060.SH,综合,综合Ⅲ
302,603063.SH,电力设备及新能源,输变电设备
303,603066.SH,交通运输,物流综合
304,603067.SH,基础化工,无机盐
305,603069.SH,交通运输,公交
306,603076.SH,机械,其他专用机械
307,603077.SH,基础化工,纯碱
308,603078.SH,基础化工,其他化学制品Ⅲ
309,603079.SH,医药,化学原料药
310,603081.SH,建筑,建筑装修Ⅲ
311,603083.SH,通信,通信终端及配件
312,603085.SH,机械,其他专用机械
313,603086.SH,基础化工,农药
314,603088.SH,机械,机床设备
315,603089.SH,汽车,汽车零部件Ⅲ
316,603090.SH,机械,其他通用机械
317,603096.SH,传媒,出版
318,603098.SH,建筑,建筑装修Ⅲ
319,603099.SH,消费者服务,景区
320,603100.SH,机械,仪器仪表Ⅲ
321,603101.SH,商贸零售,百货
322,603103.SH,传媒,电影动画
323,603106.SH,计算机,专用计算机设备
324,603108.SH,医药,医疗服务
325,603110.SH,基础化工,涂料油墨颜料
326,603111.SH,机械,铁路交通设备
327,603113.SH,煤炭,焦炭
328,603116.SH,纺织服装,家纺
329,603117.SH,交通运输,物流综合
330,603118.SH,通信,通信终端及配件
331,603123.SH,商贸零售,百货
332,603126.SH,电力及公用事业,环保
333,603127.SH,医药,医疗服务
334,603128.SH,交通运输,物流综合
335,603129.SH,汽车,摩托车及其他Ⅲ
336,603131.SH,机械,工程机械Ⅲ
337,603133.SH,基础化工,其他化学制品Ⅲ
338,603136.SH,消费者服务,景区
339,603138.SH,计算机,系统集成及IT咨询
340,603139.SH,医药,中成药
341,603157.SH,纺织服装,大众成人品牌服饰
342,603158.SH,汽车,汽车零部件Ⅲ
343,603159.SH,机械,其他专用机械
344,603160.SH,电子,电子设备Ⅲ
345,603165.SH,电力及公用事业,环保
346,603166.SH,汽车,汽车零部件Ⅲ
347,603167.SH,交通运输,航运
348,603168.SH,医药,化学制剂
349,603169.SH,机械,其他专用机械
350,603177.SH,电力及公用事业,环保
351,603178.SH,汽车,汽车零部件Ⅲ
352,603179.SH,汽车,汽车零部件Ⅲ
353,603180.SH,轻工制造,其他轻工Ⅲ
354,603181.SH,基础化工,其他化学制品Ⅲ
355,603183.SH,综合,综合Ⅲ
356,603186.SH,电子,其他元器件Ⅲ
357,603188.SH,基础化工,印染化学品
358,603189.SH,计算机,行业应用软件
359,603196.SH,纺织服装,大众成人品牌服饰
360,603197.SH,汽车,汽车零部件Ⅲ
361,603198.SH,食品饮料,白酒
362,603199.SH,消费者服务,景区
363,603200.SH,电力及公用事业,水务
364,603203.SH,机械,其他专用机械
365,603208.SH,轻工制造,其他轻工Ⅲ
366,603218.SH,电力设备及新能源,风电
367,603222.SH,医药,医疗器械
368,603223.SH,交通运输,物流综合
369,603225.SH,基础化工,涤纶
370,603226.SH,轻工制造,其他轻工Ⅲ
371,603227.SH,基础化工,民爆用品
372,603228.SH,电子,其他元器件Ⅲ
373,603229.SH,医药,化学原料药
374,603232.SH,计算机,行业应用软件
375,603233.SH,医药,医药流通
376,603238.SH,纺织服装,棉纺制品
377,603239.SH,汽车,汽车零部件Ⅲ
378,603258.SH,传媒,互联网
379,603260.SH,,
380,603266.SH,基础化工,塑料制品
381,603268.SH,建材,陶瓷
382,603269.SH,机械,其他通用机械
383,603277.SH,机械,其他专用机械
384,603278.SH,机械,金属制品Ⅲ
385,603283.SH,,
386,603286.SH,汽车,汽车零部件Ⅲ
387,603288.SH,食品饮料,调味品
388,603289.SH,机械,其他专用机械
389,603298.SH,机械,工程机械Ⅲ
390,603299.SH,基础化工,无机盐
391,603300.SH,建筑,建筑施工Ⅲ
392,603303.SH,家电,照明电工
393,603305.SH,汽车,汽车零部件Ⅲ
394,603306.SH,汽车,汽车零部件Ⅲ
395,603308.SH,机械,其他专用机械
396,603309.SH,医药,医疗器械
397,603311.SH,家电,白色家电Ⅲ
398,603313.SH,轻工制造,其他轻工Ⅲ
399,603315.SH,机械,基础件
400,603316.SH,建筑,建筑装修Ⅲ
401,603318.SH,机械,其他专用机械
402,603319.SH,机械,其他通用机械
403,603320.SH,电力设备及新能源,输变电设备
404,603321.SH,机械,其他专用机械
405,603322.SH,通信,增值服务Ⅲ
406,603323.SH,银行,城商行
407,603326.SH,轻工制造,其他轻工Ⅲ
408,603328.SH,电子,其他元器件Ⅲ
409,603329.SH,,
410,603330.SH,基础化工,聚氨酯
411,603331.SH,机械,其他通用机械
412,603333.SH,电力设备及新能源,输变电设备
413,603335.SH,汽车,汽车零部件Ⅲ
414,603336.SH,农林牧渔,果蔬饮料
415,603337.SH,机械,其他专用机械
416,603338.SH,机械,其他通用机械
417,603339.SH,机械,其他专用机械
418,603345.SH,食品饮料,肉制品
419,603355.SH,家电,白色家电Ⅲ
420,603357.SH,房地产,物业经纪服务
421,603358.SH,汽车,汽车零部件Ⅲ
422,603359.SH,建筑,建筑装修Ⅲ
423,603360.SH,基础化工,农药
424,603363.SH,农林牧渔,饲料加工
425,603365.SH,纺织服装,家纺
426,603366.SH,家电,白色家电Ⅲ
427,603367.SH,医药,化学制剂
428,603368.SH,医药,医药流通
429,603369.SH,食品饮料,白酒
430,603377.SH,汽车,汽车销售及服务Ⅲ
431,603378.SH,基础化工,涂料油墨颜料
432,603380.SH,电子,电子设备Ⅲ
433,603383.SH,计算机,行业应用软件
434,603385.SH,建材,陶瓷
435,603386.SH,电子,其他元器件Ⅲ
436,603387.SH,医药,医疗器械
437,603388.SH,建筑,建筑装修Ⅲ
438,603389.SH,轻工制造,其他轻工Ⅲ
439,603393.SH,电力及公用事业,燃气
440,603396.SH,电力设备及新能源,太阳能
441,603398.SH,轻工制造,其他轻工Ⅲ
442,603399.SH,有色金属,稀有金属Ⅲ
443,603416.SH,机械,其他专用机械
444,603421.SH,通信,通信终端及配件
445,603429.SH,轻工制造,造纸Ⅲ
446,603444.SH,传媒,互联网
447,603456.SH,医药,化学制剂
448,603458.SH,建筑,建筑施工Ⅲ
449,603466.SH,建筑,建筑装修Ⅲ
450,603477.SH,,
451,603488.SH,机械,其他专用机械
452,603496.SH,计算机,系统集成及IT咨询
453,603499.SH,轻工制造,包装
454,603500.SH,机械,铁路交通设备
455,603501.SH,电子,电子设备Ⅲ
456,603505.SH,建材,新型建材及非金属新材料
457,603507.SH,机械,其他通用机械
458,603508.SH,电子,电子设备Ⅲ
459,603515.SH,家电,照明电工
460,603517.SH,食品饮料,肉制品
461,603518.SH,纺织服装,大众成人品牌服饰
462,603519.SH,基础化工,塑料制品
463,603520.SH,医药,化学原料药
464,603527.SH,有色金属,铜
465,603528.SH,计算机,行业应用软件
466,603533.SH,传媒,互联网
467,603535.SH,交通运输,物流综合
468,603536.SH,食品饮料,肉制品
469,603538.SH,医药,化学原料药
470,603555.SH,纺织服装,大众成人品牌服饰
471,603556.SH,机械,仪器仪表Ⅲ
472,603557.SH,纺织服装,大众成人品牌服饰
473,603558.SH,纺织服装,大众成人品牌服饰
474,603559.SH,通信,网络接配及塔设
475,603566.SH,农林牧渔,动物疫苗及兽药
476,603567.SH,医药,中成药
477,603568.SH,电力及公用事业,环保
478,603569.SH,汽车,乘用车Ⅲ
479,603577.SH,电力设备及新能源,电站设备Ⅲ
480,603578.SH,家电,白色家电Ⅲ
481,603579.SH,医药,医疗器械
482,603580.SH,基础化工,塑料制品
483,603585.SH,基础化工,其他化学制品Ⅲ
484,603586.SH,汽车,汽车零部件Ⅲ
485,603588.SH,电力及公用事业,环保
486,603589.SH,食品饮料,白酒
487,603595.SH,电子,其他元器件Ⅲ
488,603598.SH,传媒,广播电视
489,603599.SH,基础化工,农药
490,603600.SH,轻工制造,其他轻工Ⅲ
491,603601.SH,基础化工,其他化学制品Ⅲ
492,603602.SH,通信,网络覆盖优化与运维
493,603603.SH,电力及公用事业,水务
494,603605.SH,基础化工,日用化学品
495,603606.SH,电力设备及新能源,配电设备
496,603607.SH,轻工制造,包装
497,603608.SH,纺织服装,大众成人品牌服饰
498,603609.SH,农林牧渔,饲料加工
499,603611.SH,汽车,专用汽车
500,603612.SH,有色金属,稀有金属Ⅲ
501,603615.SH,基础化工,塑料制品
502,603616.SH,建材,新型建材及非金属新材料
503,603617.SH,机械,其他通用机械
504,603618.SH,电力设备及新能源,配电设备
505,603619.SH,石油石化,石油开采Ⅲ
506,603626.SH,机械,金属制品Ⅲ
507,603628.SH,电力设备及新能源,太阳能
508,603630.SH,基础化工,日用化学品
509,603633.SH,电子,其他元器件Ⅲ
510,603636.SH,计算机,行业应用软件
511,603637.SH,建筑,建筑施工Ⅲ
512,603638.SH,机械,其他专用机械
513,603639.SH,基础化工,农药
514,603648.SH,交通运输,物流综合
515,603655.SH,,
516,603656.SH,机械,其他专用机械
517,603658.SH,医药,化学制剂
518,603659.SH,电子,半导体Ⅲ
519,603660.SH,通信,系统设备
520,603661.SH,轻工制造,其他轻工Ⅲ
521,603663.SH,有色金属,稀有金属Ⅲ
522,603665.SH,纺织服装,其他纺织
523,603667.SH,机械,基础件
524,603668.SH,农林牧渔,饲料加工
525,603669.SH,医药,化学制剂
526,603676.SH,医药,化学制剂
527,603677.SH,家电,白色家电Ⅲ
528,603678.SH,电子,其他元器件Ⅲ
529,603679.SH,家电,照明电工
530,603683.SH,基础化工,其他化学制品Ⅲ
531,603685.SH,家电,照明电工
532,603686.SH,汽车,专用汽车
533,603688.SH,电子,其他元器件Ⅲ
534,603689.SH,电力及公用事业,燃气
535,603690.SH,机械,其他专用机械
536,603696.SH,食品饮料,调味品
537,603698.SH,机械,矿山冶金机械
538,603699.SH,机械,基础件
539,603701.SH,汽车,汽车零部件Ⅲ
540,603703.SH,电子,其他元器件Ⅲ
541,603707.SH,医药,化学原料药
542,603708.SH,商贸零售,超市及便利店
543,603711.SH,食品饮料,乳制品
544,603716.SH,医药,医药流通
545,603717.SH,建筑,建筑装修Ⅲ
546,603718.SH,医药,生物医药Ⅲ
547,603721.SH,传媒,广播电视
548,603722.SH,基础化工,其他化学制品Ⅲ
549,603725.SH,建材,新型建材及非金属新材料
550,603726.SH,机械,其他专用机械
551,603727.SH,石油石化,石油开采Ⅲ
552,603728.SH,电力设备及新能源,输变电设备
553,603729.SH,传媒,整合营销
554,603730.SH,汽车,汽车零部件Ⅲ
555,603737.SH,基础化工,涂料油墨颜料
556,603738.SH,电子,其他元器件Ⅲ
557,603757.SH,机械,其他通用机械
558,603758.SH,汽车,汽车零部件Ⅲ
559,603766.SH,汽车,摩托车及其他Ⅲ
560,603767.SH,汽车,汽车零部件Ⅲ
561,603768.SH,汽车,汽车零部件Ⅲ
562,603776.SH,汽车,摩托车及其他Ⅲ
563,603777.SH,食品饮料,其他食品
564,603778.SH,房地产,园区综合开发
565,603779.SH,食品饮料,葡萄酒
566,603787.SH,汽车,摩托车及其他Ⅲ
567,603788.SH,汽车,汽车零部件Ⅲ
568,603789.SH,机械,其他专用机械
569,603797.SH,电力及公用事业,水务
570,603798.SH,石油石化,其他石化
571,603799.SH,有色金属,镍钴
572,603800.SH,石油石化,石油开采Ⅲ
573,603801.SH,轻工制造,其他轻工Ⅲ
574,603803.SH,通信,线缆
575,603806.SH,电力设备及新能源,太阳能
576,603808.SH,纺织服装,大众成人品牌服饰
577,603809.SH,汽车,汽车零部件Ⅲ
578,603811.SH,医药,化学制剂
579,603813.SH,交通运输,物流综合
580,603816.SH,轻工制造,其他轻工Ⅲ
581,603817.SH,电力及公用事业,环保
582,603818.SH,农林牧渔,林木及加工
583,603819.SH,机械,基础件
584,603822.SH,基础化工,塑料制品
585,603823.SH,基础化工,涂料油墨颜料
586,603825.SH,传媒,整合营销
587,603826.SH,建材,新型建材及非金属新材料
588,603828.SH,建筑,建筑装修Ⅲ
589,603829.SH,电力设备及新能源,输变电设备
590,603833.SH,轻工制造,其他轻工Ⅲ
591,603838.SH,建材,陶瓷
592,603839.SH,纺织服装,大众成人品牌服饰
593,603843.SH,建筑,建筑施工Ⅲ
594,603848.SH,,
595,603855.SH,机械,其他专用机械
596,603856.SH,机械,基础件
597,603858.SH,医药,中成药
598,603859.SH,电力设备及新能源,电力电子及自动化
599,603860.SH,建筑,建筑施工Ⅲ
600,603861.SH,电力设备及新能源,配电设备
601,603866.SH,食品饮料,其他食品
602,603868.SH,家电,小家电Ⅲ
603,603869.SH,消费者服务,景区
604,603877.SH,纺织服装,休闲快时尚
605,603878.SH,钢铁,长材
606,603879.SH,基础化工,树脂
607,603880.SH,医药,医疗器械
608,603881.SH,计算机,系统集成及IT咨询
609,603882.SH,医药,医疗服务
610,603883.SH,医药,医药流通
611,603885.SH,交通运输,航空
612,603886.SH,食品饮料,其他食品
613,603887.SH,建筑,建筑施工Ⅲ
614,603888.SH,传媒,互联网
615,603889.SH,纺织服装,非棉纺织品
616,603890.SH,,
617,603896.SH,医药,中药饮片
618,603898.SH,轻工制造,其他轻工Ⅲ
619,603899.SH,轻工制造,其他轻工Ⅲ
620,603900.SH,商贸零售,连锁
621,603901.SH,机械,其他专用机械
622,603903.SH,电力及公用事业,水务
623,603906.SH,基础化工,其他化学制品Ⅲ
624,603908.SH,纺织服装,体育及户外品牌
625,603909.SH,建筑,建筑装修Ⅲ
626,603912.SH,机械,其他专用机械
627,603916.SH,基础化工,其他化学制品Ⅲ
628,603917.SH,,
629,603918.SH,计算机,系统集成及IT咨询
630,603919.SH,食品饮料,白酒
631,603920.SH,电子,其他元器件Ⅲ
632,603922.SH,汽车,汽车零部件Ⅲ
633,603926.SH,汽车,汽车零部件Ⅲ
634,603928.SH,基础化工,树脂
635,603929.SH,建筑,建筑装修Ⅲ
636,603933.SH,电子,电子设备Ⅲ
637,603936.SH,电子,电子设备Ⅲ
638,603937.SH,有色金属,铝
639,603938.SH,基础化工,其他化学原料
640,603939.SH,医药,医药流通
641,603955.SH,房地产,园区综合开发
642,603958.SH,纺织服装,其他纺织
643,603959.SH,建筑,建筑装修Ⅲ
644,603960.SH,机械,机床设备
645,603963.SH,医药,中成药
646,603966.SH,机械,起重运输设备
647,603968.SH,基础化工,日用化学品
648,603969.SH,钢铁,长材
649,603970.SH,基础化工,农药
650,603976.SH,轻工制造,包装
651,603977.SH,基础化工,民爆用品
652,603978.SH,有色金属,铝
653,603979.SH,有色金属,稀有金属Ⅲ
654,603980.SH,基础化工,印染化学品
655,603985.SH,机械,基础件
656,603986.SH,电子,半导体Ⅲ
657,603987.SH,医药,医疗器械
658,603988.SH,电力设备及新能源,电站设备Ⅲ
659,603989.SH,电子,其他元器件Ⅲ
660,603990.SH,计算机,行业应用软件
661,603991.SH,基础化工,塑料制品
662,603993.SH,有色金属,稀有金属Ⅲ
663,603996.SH,电子,电子设备Ⅲ
664,603997.SH,汽车,汽车零部件Ⅲ
665,603998.SH,医药,化学制剂
666,603999.SH,传媒,出版
0,000001.SZ,银行,全国性股份制银行Ⅲ
1,000002.SZ,房地产,住宅物业开发
2,000004.SZ,医药,化学制剂
3,000005.SZ,房地产,非住宅物业开发和运营
4,000006.SZ,房地产,住宅物业开发
5,000007.SZ,有色金属,稀有金属Ⅲ
6,000008.SZ,机械,铁路交通设备
7,000009.SZ,综合,综合Ⅲ
8,000010.SZ,建筑,建筑装修Ⅲ
9,000011.SZ,房地产,住宅物业开发
10,000012.SZ,建材,新型建材及非金属新材料
11,000014.SZ,房地产,住宅物业开发
12,000016.SZ,家电,黑色家电Ⅲ
13,000017.SZ,机械,其他运输设备
14,000018.SZ,房地产,住宅物业开发
15,000019.SZ,食品饮料,非乳饮料
16,000020.SZ,电子,其他元器件Ⅲ
17,000021.SZ,电子,电子设备Ⅲ
18,000023.SZ,建材,水泥Ⅲ
19,000025.SZ,汽车,汽车销售及服务Ⅲ
20,000026.SZ,商贸零售,连锁
21,000027.SZ,电力及公用事业,火电
22,000028.SZ,医药,医药流通
23,000029.SZ,房地产,住宅物业开发
24,000030.SZ,综合,综合Ⅲ
25,000031.SZ,房地产,住宅物业开发
26,000032.SZ,电子,电子设备Ⅲ
27,000034.SZ,计算机,基础软件及管理办公软件
28,000035.SZ,电力及公用事业,环保
29,000036.SZ,房地产,住宅物业开发
30,000037.SZ,电力及公用事业,火电
31,000038.SZ,房地产,住宅物业开发
32,000039.SZ,机械,起重运输设备
33,000040.SZ,房地产,住宅物业开发
34,000042.SZ,房地产,住宅物业开发
35,000045.SZ,电子,其他元器件Ⅲ
36,000046.SZ,房地产,住宅物业开发
37,000048.SZ,农林牧渔,饲料加工
38,000049.SZ,电子,其他元器件Ⅲ
39,000050.SZ,电子,其他元器件Ⅲ
40,000055.SZ,建材,新型建材及非金属新材料
41,000056.SZ,房地产,非住宅物业开发和运营
42,000058.SZ,房地产,非住宅物业开发和运营
43,000059.SZ,石油石化,炼油
44,000060.SZ,有色金属,铅锌
45,000061.SZ,商贸零售,超市及便利店
46,000062.SZ,房地产,非住宅物业开发和运营
47,000063.SZ,通信,系统设备
48,000065.SZ,建筑,建筑施工Ⅲ
49,000066.SZ,计算机,通用计算机设备
50,000068.SZ,电力及公用事业,环保
51,000069.SZ,房地产,园区综合开发
52,000070.SZ,通信,线缆
53,000078.SZ,医药,生物医药Ⅲ
54,000088.SZ,交通运输,公路
55,000089.SZ,交通运输,机场
56,000090.SZ,建筑,建筑施工Ⅲ
57,000096.SZ,石油石化,炼油
58,000099.SZ,交通运输,航空
59,000100.SZ,家电,黑色家电Ⅲ
60,000150.SZ,房地产,住宅物业开发
61,000151.SZ,商贸零售,贸易Ⅲ
62,000153.SZ,医药,化学制剂
63,000155.SZ,基础化工,氮肥
64,000156.SZ,传媒,广播电视
65,000157.SZ,机械,工程机械Ⅲ
66,000158.SZ,纺织服装,棉纺制品
67,000159.SZ,石油石化,油品销售及仓储
68,000166.SZ,非银行金融,证券Ⅲ
69,000301.SZ,电力及公用事业,火电
70,000333.SZ,家电,白色家电Ⅲ
71,000338.SZ,汽车,汽车零部件Ⅲ
72,000400.SZ,电力设备及新能源,配电设备
73,000401.SZ,建材,水泥Ⅲ
74,000402.SZ,房地产,非住宅物业开发和运营
75,000403.SZ,医药,生物医药Ⅲ
76,000404.SZ,家电,白色家电Ⅲ
77,000407.SZ,电力及公用事业,燃气
78,000408.SZ,钢铁,贸易流通
79,000409.SZ,钢铁,铁矿石
80,000410.SZ,机械,机床设备
81,000411.SZ,医药,医药流通
82,000413.SZ,电子,其他元器件Ⅲ
83,000415.SZ,非银行金融,其他非银金融
84,000416.SZ,商贸零售,百货
85,000417.SZ,商贸零售,百货
86,000418.SZ,家电,白色家电Ⅲ
87,000419.SZ,商贸零售,连锁
88,000420.SZ,基础化工,粘胶
89,000421.SZ,电力及公用事业,燃气
90,000422.SZ,基础化工,氮肥
91,000423.SZ,医药,中成药
92,000425.SZ,机械,工程机械Ⅲ
93,000426.SZ,有色金属,稀有金属Ⅲ
94,000428.SZ,消费者服务,酒店
95,000429.SZ,交通运输,公路
96,000430.SZ,消费者服务,景区
97,000488.SZ,轻工制造,造纸Ⅲ
98,000498.SZ,建筑,建筑施工Ⅲ
99,000501.SZ,商贸零售,百货
100,000502.SZ,房地产,住宅物业开发
101,000503.SZ,医药,医疗服务
102,000504.SZ,传媒,出版
103,000505.SZ,房地产,住宅物业开发
104,000506.SZ,房地产,住宅物业开发
105,000507.SZ,交通运输,港口
106,000509.SZ,综合,综合Ⅲ
107,000510.SZ,基础化工,氯碱
108,000511.SZ,建材,新型建材及非金属新材料
109,000513.SZ,医药,化学制剂
110,000514.SZ,房地产,园区综合开发
111,000516.SZ,医药,医疗服务
112,000517.SZ,房地产,住宅物业开发
113,000518.SZ,医药,生物医药Ⅲ
114,000519.SZ,建材,新型建材及非金属新材料
115,000520.SZ,交通运输,航运
116,000521.SZ,家电,白色家电Ⅲ
117,000523.SZ,基础化工,日用化学品
118,000524.SZ,消费者服务,酒店
119,000525.SZ,基础化工,农药
120,000526.SZ,房地产,住宅物业开发
121,000528.SZ,机械,工程机械Ⅲ
122,000529.SZ,食品饮料,其他食品
123,000530.SZ,机械,其他通用机械
124,000531.SZ,电力及公用事业,火电
125,000532.SZ,电子,其他元器件Ⅲ
126,000533.SZ,家电,其他家电
127,000534.SZ,房地产,住宅物业开发
128,000536.SZ,电子,其他元器件Ⅲ
129,000537.SZ,房地产,住宅物业开发
130,000538.SZ,医药,中成药
131,000539.SZ,电力及公用事业,火电
132,000540.SZ,房地产,园区综合开发
133,000541.SZ,家电,照明电工
134,000543.SZ,电力及公用事业,火电
135,000544.SZ,电力及公用事业,环保
136,000545.SZ,基础化工,涂料油墨颜料
137,000546.SZ,电力及公用事业,环保
138,000547.SZ,国防军工,航天军工
139,000548.SZ,交通运输,公路
140,000550.SZ,汽车,卡车
141,000551.SZ,电力设备及新能源,输变电设备
142,000552.SZ,煤炭,动力煤
143,000553.SZ,基础化工,农药
144,000554.SZ,石油石化,炼油
145,000555.SZ,通信,其他通信设备
146,000557.SZ,交通运输,物流综合
147,000558.SZ,房地产,住宅物业开发
148,000559.SZ,汽车,汽车零部件Ⅲ
149,000560.SZ,商贸零售,百货
150,000561.SZ,国防军工,其他军工Ⅲ
151,000563.SZ,非银行金融,信托
152,000564.SZ,商贸零售,百货
153,000565.SZ,基础化工,涂料油墨颜料
154,000566.SZ,医药,化学制剂
155,000567.SZ,房地产,住宅物业开发
156,000568.SZ,食品饮料,白酒
157,000570.SZ,机械,其他通用机械
158,000571.SZ,煤炭,动力煤
159,000572.SZ,汽车,乘用车Ⅲ
160,000573.SZ,房地产,住宅物业开发
161,000576.SZ,轻工制造,造纸Ⅲ
162,000581.SZ,汽车,汽车零部件Ⅲ
163,000582.SZ,交通运输,港口
164,000584.SZ,基础化工,氨纶
165,000585.SZ,电力设备及新能源,输变电设备
166,000586.SZ,通信,线缆
167,000587.SZ,商贸零售,连锁
168,000589.SZ,汽车,汽车零部件Ⅲ
169,000590.SZ,医药,中成药
170,000591.SZ,电力设备及新能源,太阳能
171,000592.SZ,农林牧渔,林木及加工
172,000593.SZ,电力及公用事业,燃气
173,000595.SZ,机械,基础件
174,000596.SZ,食品饮料,白酒
175,000597.SZ,医药,化学原料药
176,000598.SZ,电力及公用事业,环保
177,000599.SZ,汽车,汽车零部件Ⅲ
178,000600.SZ,电力及公用事业,火电
179,000601.SZ,电力及公用事业,水电
180,000603.SZ,有色金属,铅锌
181,000605.SZ,电力及公用事业,环保
182,000606.SZ,医药,中成药
183,000607.SZ,传媒,出版
184,000608.SZ,房地产,非住宅物业开发和运营
185,000609.SZ,房地产,园区综合开发
186,000610.SZ,消费者服务,景区
187,000611.SZ,综合,综合Ⅲ
188,000612.SZ,有色金属,铝
189,000613.SZ,消费者服务,酒店
190,000615.SZ,基础化工,粘胶
191,000616.SZ,房地产,住宅物业开发
192,000617.SZ,非银行金融,其他非银金融
193,000619.SZ,建材,新型建材及非金属新材料
194,000620.SZ,房地产,住宅物业开发
195,000622.SZ,汽车,汽车零部件Ⅲ
196,000623.SZ,非银行金融,证券Ⅲ
197,000625.SZ,汽车,乘用车Ⅲ
198,000626.SZ,商贸零售,贸易Ⅲ
199,000627.SZ,基础化工,其他化学原料
200,000628.SZ,房地产,住宅物业开发
201,000629.SZ,钢铁,板材
202,000630.SZ,有色金属,铜
203,000631.SZ,房地产,住宅物业开发
204,000632.SZ,商贸零售,贸易Ⅲ
205,000633.SZ,有色金属,镍钴
206,000635.SZ,基础化工,氯碱
207,000636.SZ,电子,其他元器件Ⅲ
208,000637.SZ,石油石化,炼油
209,000638.SZ,房地产,住宅物业开发
210,000639.SZ,食品饮料,调味品
211,000650.SZ,医药,中成药
212,000651.SZ,家电,白色家电Ⅲ
213,000652.SZ,综合,综合Ⅲ
214,000655.SZ,钢铁,铁矿石
215,000656.SZ,房地产,住宅物业开发
216,000657.SZ,有色金属,稀有金属Ⅲ
217,000659.SZ,轻工制造,包装
218,000661.SZ,医药,生物医药Ⅲ
219,000662.SZ,基础化工,日用化学品
220,000663.SZ,农林牧渔,林木及加工
221,000665.SZ,传媒,广播电视
222,000666.SZ,非银行金融,信托
223,000667.SZ,房地产,住宅物业开发
224,000668.SZ,房地产,住宅物业开发
225,000669.SZ,电力及公用事业,燃气
226,000670.SZ,电子,半导体Ⅲ
227,000671.SZ,房地产,住宅物业开发
228,000672.SZ,建材,水泥Ⅲ
229,000673.SZ,传媒,整合营销
230,000676.SZ,电力设备及新能源,配电设备
231,000677.SZ,基础化工,粘胶
232,000678.SZ,机械,基础件
233,000679.SZ,商贸零售,贸易Ⅲ
234,000680.SZ,机械,工程机械Ⅲ
235,000681.SZ,传媒,互联网
236,000682.SZ,电力设备及新能源,配电设备
237,000683.SZ,基础化工,其他化学原料
238,000685.SZ,电力及公用事业,水务
239,000686.SZ,非银行金融,证券Ⅲ
240,000687.SZ,基础化工,粘胶
241,000688.SZ,有色金属,铅锌
242,000690.SZ,电力及公用事业,火电
243,000691.SZ,房地产,住宅物业开发
244,000692.SZ,电力及公用事业,供热或其他
245,000693.SZ,有色金属,镍钴
246,000695.SZ,电力及公用事业,供热或其他
247,000697.SZ,有色金属,稀有金属Ⅲ
248,000698.SZ,石油石化,炼油
249,000700.SZ,汽车,汽车零部件Ⅲ
250,000701.SZ,电子,电子设备Ⅲ
251,000702.SZ,农林牧渔,饲料加工
252,000703.SZ,石油石化,其他石化
253,000705.SZ,医药,医药流通
254,000707.SZ,基础化工,纯碱
255,000708.SZ,钢铁,特钢
256,000709.SZ,钢铁,板材
257,000710.SZ,汽车,汽车零部件Ⅲ
258,000711.SZ,房地产,非住宅物业开发和运营
259,000712.SZ,非银行金融,证券Ⅲ
260,000713.SZ,农林牧渔,种业
261,000715.SZ,商贸零售,百货
262,000716.SZ,食品饮料,其他食品
263,000717.SZ,钢铁,长材
264,000718.SZ,房地产,住宅物业开发
265,000719.SZ,传媒,出版
266,000720.SZ,电力及公用事业,火电
267,000721.SZ,消费者服务,餐饮
268,000722.SZ,电力及公用事业,水电
269,000723.SZ,煤炭,焦炭
270,000725.SZ,电子,其他元器件Ⅲ
271,000726.SZ,纺织服装,棉纺制品
272,000727.SZ,电子,电子设备Ⅲ
273,000728.SZ,非银行金融,证券Ⅲ
274,000729.SZ,食品饮料,啤酒
275,000731.SZ,石油石化,油品销售及仓储
276,000732.SZ,房地产,住宅物业开发
277,000733.SZ,电子,电子设备Ⅲ
278,000735.SZ,农林牧渔,畜牧养殖
279,000736.SZ,房地产,住宅物业开发
280,000737.SZ,基础化工,日用化学品
281,000738.SZ,国防军工,航天军工
282,000739.SZ,医药,化学原料药
283,000750.SZ,非银行金融,证券Ⅲ
284,000751.SZ,有色金属,铅锌
285,000752.SZ,食品饮料,啤酒
286,000753.SZ,汽车,汽车销售及服务Ⅲ
287,000755.SZ,基础化工,聚氨酯
288,000756.SZ,医药,化学原料药
289,000757.SZ,汽车,汽车零部件Ⅲ
290,000758.SZ,有色金属,铅锌
291,000759.SZ,商贸零售,超市及便利店
292,000760.SZ,汽车,汽车零部件Ⅲ
293,000761.SZ,钢铁,板材
294,000762.SZ,有色金属,稀有金属Ⅲ
295,000766.SZ,医药,中成药
296,000767.SZ,电力及公用事业,火电
297,000768.SZ,国防军工,航空军工
298,000776.SZ,非银行金融,证券Ⅲ
299,000777.SZ,机械,基础件
300,000778.SZ,钢铁,长材
301,000779.SZ,电子,电子设备Ⅲ
302,000780.SZ,煤炭,动力煤
303,000782.SZ,石油石化,其他石化
304,000783.SZ,非银行金融,证券Ⅲ
305,000785.SZ,商贸零售,百货
306,000786.SZ,建材,新型建材及非金属新材料
307,000788.SZ,医药,化学原料药
308,000789.SZ,建材,水泥Ⅲ
309,000790.SZ,医药,化学制剂
310,000791.SZ,电力及公用事业,水电
311,000792.SZ,基础化工,钾肥
312,000793.SZ,传媒,出版
313,000795.SZ,建材,新型建材及非金属新材料
314,000796.SZ,消费者服务,旅游服务
315,000797.SZ,房地产,住宅物业开发
316,000798.SZ,农林牧渔,水产捕捞
317,000799.SZ,食品饮料,白酒
318,000800.SZ,汽车,乘用车Ⅲ
319,000801.SZ,国防军工,其他军工Ⅲ
320,000802.SZ,传媒,电影动画
321,000803.SZ,综合,综合Ⅲ
322,000806.SZ,,
323,000807.SZ,有色金属,铝
324,000809.SZ,房地产,住宅物业开发
325,000810.SZ,家电,黑色家电Ⅲ
326,000811.SZ,机械,其他通用机械
327,000812.SZ,轻工制造,印刷
328,000813.SZ,有色金属,铜
329,000815.SZ,轻工制造,造纸Ⅲ
330,000816.SZ,机械,其他通用机械
331,000818.SZ,基础化工,氯碱
332,000819.SZ,石油石化,其他石化
333,000820.SZ,电力及公用事业,环保
334,000821.SZ,机械,其他专用机械
335,000822.SZ,基础化工,纯碱
336,000823.SZ,电子,其他元器件Ⅲ
337,000825.SZ,钢铁,板材
338,000826.SZ,电力及公用事业,环保
339,000828.SZ,交通运输,公路
340,000829.SZ,通信,通信终端及配件
341,000830.SZ,基础化工,氮肥
342,000831.SZ,有色金属,稀有金属Ⅲ
343,000833.SZ,轻工制造,造纸Ⅲ
344,000835.SZ,传媒,电影动画
345,000836.SZ,通信,通信终端及配件
346,000837.SZ,机械,机床设备
347,000838.SZ,房地产,住宅物业开发
348,000839.SZ,综合,综合Ⅲ
349,000848.SZ,食品饮料,非乳饮料
350,000850.SZ,纺织服装,非棉纺织品
351,000851.SZ,商贸零售,连锁
352,000852.SZ,机械,矿山冶金机械
353,000856.SZ,机械,其他专用机械
354,000858.SZ,食品饮料,白酒
355,000859.SZ,基础化工,塑料制品
356,000860.SZ,食品饮料,白酒
357,000861.SZ,商贸零售,百货
358,000862.SZ,电力设备及新能源,风电
359,000863.SZ,消费者服务,景区
360,000868.SZ,汽车,客车
361,000869.SZ,食品饮料,葡萄酒
362,000875.SZ,电力及公用事业,火电
363,000876.SZ,农林牧渔,饲料加工
364,000877.SZ,建材,水泥Ⅲ
365,000878.SZ,有色金属,铜
366,000880.SZ,机械,其他通用机械
367,000881.SZ,综合,综合Ⅲ
368,000882.SZ,商贸零售,百货
369,000883.SZ,电力及公用事业,火电
370,000885.SZ,交通运输,公路
371,000886.SZ,交通运输,公路
372,000887.SZ,汽车,汽车零部件Ⅲ
373,000888.SZ,消费者服务,景区
374,000889.SZ,通信,增值服务Ⅲ
375,000890.SZ,机械,金属制品Ⅲ
376,000892.SZ,传媒,电影动画
377,000893.SZ,农林牧渔,农产品加工及流通
378,000895.SZ,食品饮料,肉制品
379,000897.SZ,房地产,园区综合开发
380,000898.SZ,钢铁,板材
381,000899.SZ,电力及公用事业,火电
382,000900.SZ,交通运输,公路
383,000901.SZ,国防军工,航天军工
384,000902.SZ,基础化工,磷肥
385,000903.SZ,汽车,汽车零部件Ⅲ
386,000905.SZ,交通运输,港口
387,000906.SZ,钢铁,贸易流通
388,000908.SZ,医药,化学制剂
389,000909.SZ,综合,综合Ⅲ
390,000910.SZ,轻工制造,其他轻工Ⅲ
391,000911.SZ,农林牧渔,农产品加工及流通
392,000912.SZ,基础化工,氮肥
393,000913.SZ,汽车,摩托车及其他Ⅲ
394,000915.SZ,医药,化学制剂
395,000917.SZ,传媒,广播电视
396,000918.SZ,房地产,住宅物业开发
397,000919.SZ,医药,中成药
398,000920.SZ,机械,铁路交通设备
399,000921.SZ,家电,白色家电Ⅲ
400,000922.SZ,电力设备及新能源,配电设备
401,000923.SZ,机械,工程机械Ⅲ
402,000925.SZ,机械,铁路交通设备
403,000926.SZ,房地产,住宅物业开发
404,000927.SZ,汽车,乘用车Ⅲ
405,000928.SZ,建筑,建筑施工Ⅲ
406,000929.SZ,综合,综合Ⅲ
407,000930.SZ,农林牧渔,农产品加工及流通
408,000931.SZ,房地产,住宅物业开发
409,000932.SZ,钢铁,长材
410,000933.SZ,综合,综合Ⅲ
411,000935.SZ,建材,水泥Ⅲ
412,000936.SZ,基础化工,涤纶
413,000937.SZ,煤炭,炼焦煤
414,000938.SZ,计算机,通用计算机设备
415,000939.SZ,电力及公用事业,其他发电
416,000948.SZ,计算机,专用计算机设备
417,000949.SZ,基础化工,粘胶
418,000950.SZ,基础化工,氮肥
419,000951.SZ,汽车,卡车
420,000952.SZ,医药,化学原料药
421,000953.SZ,基础化工,氮肥
422,000955.SZ,纺织服装,非棉纺织品
423,000957.SZ,汽车,客车
424,000958.SZ,电力及公用事业,火电
425,000959.SZ,钢铁,板材
426,000960.SZ,有色金属,锡锑
427,000961.SZ,房地产,住宅物业开发
428,000962.SZ,有色金属,稀有金属Ⅲ
429,000963.SZ,医药,化学制剂
430,000965.SZ,房地产,住宅物业开发
431,000966.SZ,电力及公用事业,火电
432,000967.SZ,电力及公用事业,环保
433,000968.SZ,石油石化,石油开采Ⅲ
434,000969.SZ,有色金属,稀有金属Ⅲ
435,000970.SZ,,
436,000971.SZ,综合,综合Ⅲ
437,000972.SZ,农林牧渔,果蔬饮料
438,000973.SZ,基础化工,塑料制品
439,000975.SZ,有色金属,稀有金属Ⅲ
440,000976.SZ,机械,铁路交通设备
441,000977.SZ,计算机,通用计算机设备
442,000978.SZ,消费者服务,景区
443,000979.SZ,房地产,住宅物业开发
444,000980.SZ,汽车,汽车零部件Ⅲ
445,000981.SZ,房地产,住宅物业开发
446,000982.SZ,纺织服装,非棉纺织品
447,000983.SZ,煤炭,炼焦煤
448,000985.SZ,石油石化,其他石化
449,000987.SZ,非银行金融,其他非银金融
450,000988.SZ,电子,电子设备Ⅲ
451,000989.SZ,医药,中成药
452,000990.SZ,医药,生物医药Ⅲ
453,000993.SZ,电力及公用事业,水电
454,000995.SZ,食品饮料,白酒
455,000996.SZ,汽车,汽车销售及服务Ⅲ
456,000997.SZ,计算机,专用计算机设备
457,000998.SZ,农林牧渔,种业
458,000999.SZ,医药,中成药
459,001696.SZ,机械,其他通用机械
460,001872.SZ,交通运输,港口
461,001896.SZ,电力及公用事业,火电
462,001914.SZ,房地产,住宅物业开发
463,001965.SZ,,
464,001979.SZ,房地产,园区综合开发
465,002001.SZ,医药,化学原料药
466,002002.SZ,基础化工,氯碱
467,002003.SZ,纺织服装,其他纺织
468,002004.SZ,基础化工,农药
469,002005.SZ,电子,其他元器件Ⅲ
470,002006.SZ,机械,工程机械Ⅲ
471,002007.SZ,医药,生物医药Ⅲ
472,002008.SZ,,
473,002009.SZ,机械,其他运输设备
474,002010.SZ,基础化工,印染化学品
475,002011.SZ,机械,其他通用机械
476,002012.SZ,轻工制造,造纸Ⅲ
477,002013.SZ,国防军工,航天军工
478,002014.SZ,轻工制造,包装
479,002015.SZ,电力及公用事业,其他发电
480,002016.SZ,房地产,住宅物业开发
481,002017.SZ,通信,通信终端及配件
482,002018.SZ,基础化工,农药
483,002019.SZ,医药,化学原料药
484,002020.SZ,医药,化学原料药
485,002021.SZ,机械,纺织服装机械
486,002022.SZ,医药,生物医药Ⅲ
487,002023.SZ,机械,其他运输设备
488,002024.SZ,商贸零售,连锁
489,002025.SZ,国防军工,航天军工
490,002026.SZ,机械,基础件
491,002027.SZ,传媒,整合营销
492,002028.SZ,电力设备及新能源,配电设备
493,002029.SZ,纺织服装,大众成人品牌服饰
494,002030.SZ,医药,生物医药Ⅲ
495,002031.SZ,汽车,汽车零部件Ⅲ
496,002032.SZ,家电,小家电Ⅲ
497,002033.SZ,消费者服务,景区
498,002034.SZ,纺织服装,印染
499,002035.SZ,家电,白色家电Ⅲ
500,002036.SZ,电子,其他元器件Ⅲ
501,002037.SZ,基础化工,民爆用品
502,002038.SZ,医药,生物医药Ⅲ
503,002039.SZ,电力及公用事业,水电
504,002040.SZ,交通运输,港口
505,002041.SZ,农林牧渔,种业
506,002042.SZ,纺织服装,棉纺制品
507,002043.SZ,建材,新型建材及非金属新材料
508,002044.SZ,医药,医疗服务
509,002045.SZ,电子,电子设备Ⅲ
510,002046.SZ,机械,基础件
511,002047.SZ,建筑,建筑施工Ⅲ
512,002048.SZ,汽车,汽车零部件Ⅲ
513,002049.SZ,电子,其他元器件Ⅲ
514,002050.SZ,家电,白色家电Ⅲ
515,002051.SZ,建筑,建筑施工Ⅲ
516,002052.SZ,电子,电子设备Ⅲ
517,002053.SZ,基础化工,氯碱
518,002054.SZ,基础化工,印染化学品
519,002055.SZ,电子,其他元器件Ⅲ
520,002056.SZ,电子,其他元器件Ⅲ
521,002057.SZ,钢铁,特钢
522,002058.SZ,机械,仪器仪表Ⅲ
523,002059.SZ,消费者服务,景区
524,002060.SZ,建筑,建筑施工Ⅲ
525,002061.SZ,基础化工,聚氨酯
526,002062.SZ,建筑,建筑施工Ⅲ
527,002063.SZ,计算机,行业应用软件
528,002064.SZ,石油石化,其他石化
529,002065.SZ,计算机,系统集成及IT咨询
530,002066.SZ,建材,新型建材及非金属新材料
531,002067.SZ,轻工制造,造纸Ⅲ
532,002068.SZ,基础化工,其他化学原料
533,002069.SZ,农林牧渔,水产养殖
534,002070.SZ,有色金属,稀有金属Ⅲ
535,002071.SZ,传媒,电影动画
536,002072.SZ,纺织服装,棉纺制品
537,002073.SZ,机械,其他专用机械
538,002074.SZ,电力设备及新能源,配电设备
539,002075.SZ,钢铁,特钢
540,002076.SZ,家电,照明电工
541,002077.SZ,房地产,园区综合开发
542,002078.SZ,轻工制造,造纸Ⅲ
543,002079.SZ,电子,半导体Ⅲ
544,002080.SZ,建材,新型建材及非金属新材料
545,002081.SZ,建筑,建筑装修Ⅲ
546,002082.SZ,有色金属,铝
547,002083.SZ,纺织服装,棉纺制品
548,002084.SZ,轻工制造,其他轻工Ⅲ
549,002085.SZ,汽车,汽车零部件Ⅲ
550,002086.SZ,农林牧渔,水产养殖
551,002087.SZ,纺织服装,棉纺制品
552,002088.SZ,建材,新型建材及非金属新材料
553,002089.SZ,通信,网络接配及塔设
554,002090.SZ,计算机,行业应用软件
555,002091.SZ,商贸零售,贸易Ⅲ
556,002092.SZ,基础化工,氯碱
557,002093.SZ,通信,网络覆盖优化与运维
558,002094.SZ,商贸零售,连锁
559,002095.SZ,传媒,互联网
560,002096.SZ,基础化工,民爆用品
561,002097.SZ,机械,工程机械Ⅲ
562,002098.SZ,纺织服装,其他纺织
563,002099.SZ,医药,化学原料药
564,002100.SZ,农林牧渔,饲料加工
565,002101.SZ,机械,基础件
566,002102.SZ,建材,陶瓷
567,002103.SZ,轻工制造,造纸Ⅲ
568,002104.SZ,通信,通信终端及配件
569,002105.SZ,机械,其他运输设备
570,002106.SZ,电子,其他元器件Ⅲ
571,002107.SZ,医药,中成药
572,002108.SZ,基础化工,塑料制品
573,002109.SZ,基础化工,其他化学制品Ⅲ
574,002110.SZ,钢铁,长材
575,002111.SZ,国防军工,航空军工
576,002112.SZ,电力设备及新能源,配电设备
577,002113.SZ,房地产,非住宅物业开发和运营
578,002114.SZ,有色金属,铅锌
579,002115.SZ,,
580,002116.SZ,建筑,建筑施工Ⅲ
581,002117.SZ,轻工制造,印刷
582,002118.SZ,医药,中成药
583,002119.SZ,电子,半导体Ⅲ
584,002120.SZ,交通运输,物流综合
585,002121.SZ,电力设备及新能源,配电设备
586,002122.SZ,机械,基础件
587,002123.SZ,电力设备及新能源,输变电设备
588,002124.SZ,农林牧渔,饲料加工
589,002125.SZ,基础化工,无机盐
590,002126.SZ,汽车,汽车零部件Ⅲ
591,002127.SZ,商贸零售,连锁
592,002128.SZ,煤炭,动力煤
593,002129.SZ,电力设备及新能源,太阳能
594,002130.SZ,电子,电子设备Ⅲ
595,002131.SZ,传媒,互联网
596,002132.SZ,机械,金属制品Ⅲ
597,002133.SZ,房地产,住宅物业开发
598,002134.SZ,电子,其他元器件Ⅲ
599,002135.SZ,建筑,建筑施工Ⅲ
600,002136.SZ,基础化工,涂料油墨颜料
601,002137.SZ,传媒,整合营销
602,002138.SZ,电子,其他元器件Ⅲ
603,002139.SZ,电子,其他元器件Ⅲ
604,002140.SZ,建筑,建筑施工Ⅲ
605,002141.SZ,电子,电子设备Ⅲ
606,002142.SZ,银行,城商行
607,002143.SZ,传媒,整合营销
608,002144.SZ,纺织服装,印染
609,002145.SZ,基础化工,涂料油墨颜料
610,002146.SZ,房地产,住宅物业开发
611,002147.SZ,房地产,住宅物业开发
612,002148.SZ,通信,增值服务Ⅲ
613,002149.SZ,有色金属,稀有金属Ⅲ
614,002150.SZ,机械,金属制品Ⅲ
615,002151.SZ,国防军工,其他军工Ⅲ
616,002152.SZ,计算机,专用计算机设备
617,002153.SZ,计算机,行业应用软件
618,002154.SZ,纺织服装,大众成人品牌服饰
619,002155.SZ,有色金属,黄金
620,002156.SZ,电子,半导体Ⅲ
621,002157.SZ,农林牧渔,饲料加工
622,002158.SZ,,
623,002159.SZ,消费者服务,景区
624,002160.SZ,有色金属,铝
625,002161.SZ,通信,其他通信设备
626,002162.SZ,建材,陶瓷
627,002163.SZ,建材,玻璃Ⅲ
628,002164.SZ,机械,其他通用机械
629,002165.SZ,基础化工,聚氨酯
630,002166.SZ,医药,生物医药Ⅲ
631,002167.SZ,有色金属,稀有金属Ⅲ
632,002168.SZ,电力设备及新能源,输变电设备
633,002169.SZ,电力设备及新能源,配电设备
634,002170.SZ,基础化工,复合肥
635,002171.SZ,有色金属,铜
636,002172.SZ,石油石化,其他石化
637,002173.SZ,医药,医疗服务
638,002174.SZ,传媒,互联网
639,002175.SZ,传媒,电影动画
640,002176.SZ,机械,仪器仪表Ⅲ
641,002177.SZ,计算机,专用计算机设备
642,002178.SZ,建筑,建筑施工Ⅲ
643,002179.SZ,国防军工,航天军工
644,002180.SZ,电子,半导体Ⅲ
645,002181.SZ,传媒,出版
646,002182.SZ,有色金属,稀有金属Ⅲ
647,002183.SZ,交通运输,物流综合
648,002184.SZ,机械,其他通用机械
649,002185.SZ,电子,半导体Ⅲ
650,002186.SZ,消费者服务,餐饮
651,002187.SZ,商贸零售,百货
652,002188.SZ,传媒,互联网
653,002189.SZ,电子,其他元器件Ⅲ
654,002190.SZ,国防军工,航空军工
655,002191.SZ,轻工制造,印刷
656,002192.SZ,建材,新型建材及非金属新材料
657,002193.SZ,纺织服装,非棉纺织品
658,002194.SZ,通信,网络接配及塔设
659,002195.SZ,计算机,IT外包服务
660,002196.SZ,机械,仪器仪表Ⅲ
661,002197.SZ,,
662,002198.SZ,医药,中成药
663,002199.SZ,电子,其他元器件Ⅲ
664,002200.SZ,农林牧渔,林木及加工
665,002201.SZ,建材,陶瓷
666,002202.SZ,电力设备及新能源,风电
667,002203.SZ,有色金属,铜
668,002204.SZ,机械,基础件
669,002205.SZ,建材,新型建材及非金属新材料
670,002206.SZ,石油石化,其他石化
671,002207.SZ,机械,矿山冶金机械
672,002208.SZ,房地产,住宅物业开发
673,002209.SZ,机械,其他专用机械
674,002210.SZ,交通运输,物流综合
675,002211.SZ,基础化工,有机硅
676,002212.SZ,电力设备及新能源,输变电设备
677,002213.SZ,汽车,汽车零部件Ⅲ
678,002214.SZ,国防军工,其他军工Ⅲ
679,002215.SZ,基础化工,农药
680,002216.SZ,食品饮料,其他食品
681,002217.SZ,电子,其他元器件Ⅲ
682,002218.SZ,电力设备及新能源,太阳能
683,002219.SZ,医药,中成药
684,002220.SZ,农林牧渔,水产养殖
685,002221.SZ,石油石化,其他石化
686,002222.SZ,电子,其他元器件Ⅲ
687,002223.SZ,医药,医疗器械
688,002224.SZ,基础化工,橡胶制品
689,002225.SZ,建材,新型建材及非金属新材料
690,002226.SZ,基础化工,民爆用品
691,002227.SZ,电力设备及新能源,配电设备
692,002228.SZ,轻工制造,包装
693,002229.SZ,轻工制造,印刷
694,002230.SZ,计算机,行业应用软件
695,002231.SZ,通信,网络覆盖优化与运维
696,002232.SZ,计算机,行业应用软件
697,002233.SZ,建材,水泥Ⅲ
698,002234.SZ,农林牧渔,畜牧养殖
699,002235.SZ,轻工制造,造纸Ⅲ
0,002236.SZ,电子,电子设备Ⅲ
1,002237.SZ,有色金属,黄金
2,002238.SZ,传媒,广播电视
3,002239.SZ,汽车,汽车零部件Ⅲ
4,002240.SZ,有色金属,稀有金属Ⅲ
5,002241.SZ,电子,其他元器件Ⅲ
6,002242.SZ,家电,小家电Ⅲ
7,002243.SZ,轻工制造,包装
8,002244.SZ,房地产,住宅物业开发
9,002245.SZ,交通运输,物流综合
10,002246.SZ,基础化工,民爆用品
11,002247.SZ,传媒,互联网
12,002248.SZ,机械,机床设备
13,002249.SZ,机械,其他通用机械
14,002250.SZ,基础化工,其他化学原料
15,002251.SZ,商贸零售,超市及便利店
16,002252.SZ,医药,生物医药Ⅲ
17,002253.SZ,计算机,行业应用软件
18,002254.SZ,石油石化,其他石化
19,002255.SZ,机械,锅炉设备
20,002256.SZ,基础化工,涂料油墨颜料
21,002258.SZ,基础化工,农药
22,002259.SZ,农林牧渔,林木及加工
23,002260.SZ,家电,小家电Ⅲ
24,002261.SZ,通信,增值服务Ⅲ
25,002262.SZ,医药,化学制剂
26,002263.SZ,基础化工,塑料制品
27,002264.SZ,商贸零售,超市及便利店
28,002265.SZ,汽车,汽车零部件Ⅲ
29,002266.SZ,电力设备及新能源,电站设备Ⅲ
30,002267.SZ,电力及公用事业,燃气
31,002268.SZ,计算机,专用计算机设备
32,002269.SZ,纺织服装,休闲快时尚
33,002270.SZ,机械,机床设备
34,002271.SZ,建材,新型建材及非金属新材料
35,002272.SZ,机械,锅炉设备
36,002273.SZ,电子,其他元器件Ⅲ
37,002274.SZ,基础化工,氮肥
38,002275.SZ,医药,中成药
39,002276.SZ,电力设备及新能源,输变电设备
40,002277.SZ,商贸零售,百货
41,002278.SZ,机械,矿山冶金机械
42,002279.SZ,计算机,基础软件及管理办公软件
43,002280.SZ,计算机,行业应用软件
44,002281.SZ,通信,网络接配及塔设
45,002282.SZ,机械,金属制品Ⅲ
46,002283.SZ,汽车,汽车零部件Ⅲ
47,002284.SZ,汽车,汽车零部件Ⅲ
48,002285.SZ,房地产,物业经纪服务
49,002286.SZ,农林牧渔,农产品加工及流通
50,002287.SZ,医药,中成药
51,002288.SZ,电子,其他元器件Ⅲ
52,002289.SZ,电子,其他元器件Ⅲ
53,002290.SZ,家电,白色家电Ⅲ
54,002291.SZ,纺织服装,大众成人品牌服饰
55,002292.SZ,传媒,电影动画
56,002293.SZ,纺织服装,家纺
57,002294.SZ,医药,化学制剂
58,002295.SZ,有色金属,铜
59,002296.SZ,通信,其他通信设备
60,002297.SZ,钢铁,特钢
61,002298.SZ,电力设备及新能源,输变电设备
62,002299.SZ,农林牧渔,畜牧养殖
63,002300.SZ,电力设备及新能源,配电设备
64,002301.SZ,轻工制造,其他轻工Ⅲ
65,002302.SZ,建材,水泥Ⅲ
66,002303.SZ,轻工制造,包装
67,002304.SZ,食品饮料,白酒
68,002305.SZ,房地产,非住宅物业开发和运营
69,002306.SZ,计算机,系统集成及IT咨询
70,002307.SZ,建筑,建筑施工Ⅲ
71,002308.SZ,计算机,专用计算机设备
72,002309.SZ,通信,线缆
73,002310.SZ,建筑,建筑施工Ⅲ
74,002311.SZ,农林牧渔,饲料加工
75,002312.SZ,计算机,专用计算机设备
76,002313.SZ,通信,网络接配及塔设
77,002314.SZ,建筑,建筑施工Ⅲ
78,002315.SZ,传媒,互联网
79,002316.SZ,通信,其他通信设备
80,002317.SZ,医药,中成药
81,002318.SZ,钢铁,特钢
82,002319.SZ,基础化工,其他化学制品Ⅲ
83,002320.SZ,交通运输,航运
84,002321.SZ,农林牧渔,畜牧养殖
85,002322.SZ,,
86,002323.SZ,电力设备及新能源,配电设备
87,002324.SZ,基础化工,塑料制品
88,002325.SZ,建筑,建筑装修Ⅲ
89,002326.SZ,基础化工,其他化学原料
90,002327.SZ,纺织服装,家纺
91,002328.SZ,汽车,汽车零部件Ⅲ
92,002329.SZ,食品饮料,乳制品
93,002330.SZ,食品饮料,肉制品
94,002331.SZ,计算机,行业应用软件
95,002332.SZ,医药,化学原料药
96,002333.SZ,建材,新型建材及非金属新材料
97,002334.SZ,电力设备及新能源,输变电设备
98,002335.SZ,通信,动力设备
99,002336.SZ,商贸零售,超市及便利店
100,002337.SZ,机械,其他通用机械
101,002338.SZ,国防军工,其他军工Ⅲ
102,002339.SZ,电力设备及新能源,配电设备
103,002340.SZ,电力及公用事业,环保
104,002341.SZ,电子,电子设备Ⅲ
105,002342.SZ,机械,金属制品Ⅲ
106,002343.SZ,传媒,电影动画
107,002344.SZ,商贸零售,贸易Ⅲ
108,002345.SZ,商贸零售,连锁
109,002346.SZ,建材,水泥Ⅲ
110,002347.SZ,机械,基础件
111,002348.SZ,轻工制造,其他轻工Ⅲ
112,002349.SZ,医药,中成药
113,002350.SZ,电力设备及新能源,配电设备
114,002351.SZ,电子,电子设备Ⅲ
115,002352.SZ,交通运输,物流综合
116,002353.SZ,机械,矿山冶金机械
117,002354.SZ,传媒,互联网
118,002355.SZ,汽车,汽车零部件Ⅲ
119,002356.SZ,电力设备及新能源,配电设备
120,002357.SZ,交通运输,公交
121,002358.SZ,电力设备及新能源,配电设备
122,002359.SZ,通信,网络接配及塔设
123,002360.SZ,基础化工,民爆用品
124,002361.SZ,基础化工,树脂
125,002362.SZ,计算机,行业应用软件
126,002363.SZ,汽车,汽车零部件Ⅲ
127,002364.SZ,电力设备及新能源,配电设备
128,002365.SZ,医药,化学原料药
129,002366.SZ,机械,其他专用机械
130,002367.SZ,机械,工程机械Ⅲ
131,002368.SZ,计算机,系统集成及IT咨询
132,002369.SZ,电子,电子设备Ⅲ
133,002370.SZ,医药,化学制剂
134,002371.SZ,电子,电子设备Ⅲ
135,002372.SZ,建材,新型建材及非金属新材料
136,002373.SZ,计算机,系统集成及IT咨询
137,002374.SZ,轻工制造,包装
138,002375.SZ,建筑,建筑装修Ⅲ
139,002376.SZ,计算机,专用计算机设备
140,002377.SZ,石油石化,其他石化
141,002378.SZ,有色金属,稀有金属Ⅲ
142,002379.SZ,有色金属,铝
143,002380.SZ,计算机,行业应用软件
144,002381.SZ,基础化工,橡胶制品
145,002382.SZ,基础化工,塑料制品
146,002383.SZ,计算机,专用计算机设备
147,002384.SZ,机械,基础件
148,002385.SZ,农林牧渔,饲料加工
149,002386.SZ,基础化工,氯碱
150,002387.SZ,食品饮料,非乳饮料
151,002388.SZ,电子,半导体Ⅲ
152,002389.SZ,电子,其他元器件Ⅲ
153,002390.SZ,医药,中成药
154,002391.SZ,基础化工,农药
155,002392.SZ,建材,新型建材及非金属新材料
156,002393.SZ,医药,化学制剂
157,002394.SZ,纺织服装,棉纺制品
158,002395.SZ,基础化工,聚氨酯
159,002396.SZ,通信,通信终端及配件
160,002397.SZ,纺织服装,家纺
161,002398.SZ,建筑,建筑施工Ⅲ
162,002399.SZ,医药,化学原料药
163,002400.SZ,传媒,整合营销
164,002401.SZ,计算机,系统集成及IT咨询
165,002402.SZ,电子,其他元器件Ⅲ
166,002403.SZ,家电,小家电Ⅲ
167,002404.SZ,纺织服装,非棉纺织品
168,002405.SZ,计算机,基础软件及管理办公软件
169,002406.SZ,机械,基础件
170,002407.SZ,基础化工,氟化工
171,002408.SZ,石油石化,其他石化
172,002409.SZ,基础化工,其他化学原料
173,002410.SZ,计算机,行业应用软件
174,002411.SZ,基础化工,其他化学原料
175,002412.SZ,医药,中成药
176,002413.SZ,家电,白色家电Ⅲ
177,002414.SZ,国防军工,其他军工Ⅲ
178,002415.SZ,电子,电子设备Ⅲ
179,002416.SZ,通信,通信终端及配件
180,002417.SZ,通信,网络覆盖优化与运维
181,002418.SZ,家电,白色家电Ⅲ
182,002419.SZ,商贸零售,百货
183,002420.SZ,家电,黑色家电Ⅲ
184,002421.SZ,建筑,建筑施工Ⅲ
185,002422.SZ,医药,化学制剂
186,002423.SZ,钢铁,特钢
187,002424.SZ,医药,中成药
188,002425.SZ,传媒,电影动画
189,002426.SZ,机械,其他通用机械
190,002427.SZ,基础化工,涤纶
191,002428.SZ,有色金属,稀有金属Ⅲ
192,002429.SZ,家电,黑色家电Ⅲ
193,002430.SZ,机械,其他专用机械
194,002431.SZ,建筑,建筑装修Ⅲ
195,002432.SZ,医药,医疗器械
196,002433.SZ,医药,中成药
197,002434.SZ,汽车,汽车零部件Ⅲ
198,002435.SZ,机械,起重运输设备
199,002436.SZ,电子,其他元器件Ⅲ
200,002437.SZ,医药,化学制剂
201,002438.SZ,机械,其他通用机械
202,002439.SZ,计算机,基础软件及管理办公软件
203,002440.SZ,基础化工,印染化学品
204,002441.SZ,电力设备及新能源,配电设备
205,002442.SZ,基础化工,其他化学原料
206,002443.SZ,钢铁,特钢
207,002444.SZ,机械,其他通用机械
208,002445.SZ,传媒,广播电视
209,002446.SZ,通信,网络接配及塔设
210,002447.SZ,农林牧渔,水产养殖
211,002448.SZ,汽车,汽车零部件Ⅲ
212,002449.SZ,电子,半导体Ⅲ
213,002450.SZ,基础化工,塑料制品
214,002451.SZ,电力设备及新能源,配电设备
215,002452.SZ,电力设备及新能源,电站设备Ⅲ
216,002453.SZ,基础化工,其他化学原料
217,002454.SZ,汽车,汽车零部件Ⅲ
218,002455.SZ,基础化工,其他化学原料
219,002456.SZ,电子,电子设备Ⅲ
220,002457.SZ,建材,水泥Ⅲ
221,002458.SZ,农林牧渔,畜牧养殖
222,002459.SZ,机械,其他专用机械
223,002460.SZ,有色金属,稀有金属Ⅲ
224,002461.SZ,食品饮料,啤酒
225,002462.SZ,医药,医药流通
226,002463.SZ,电子,其他元器件Ⅲ
227,002464.SZ,基础化工,塑料制品
228,002465.SZ,国防军工,其他军工Ⅲ
229,002466.SZ,有色金属,稀有金属Ⅲ
230,002467.SZ,通信,增值服务Ⅲ
231,002468.SZ,交通运输,物流综合
232,002469.SZ,建筑,建筑施工Ⅲ
233,002470.SZ,基础化工,复合肥
234,002471.SZ,电力设备及新能源,配电设备
235,002472.SZ,机械,基础件
236,002473.SZ,家电,白色家电Ⅲ
237,002474.SZ,计算机,系统集成及IT咨询
238,002475.SZ,电子,其他元器件Ⅲ
239,002476.SZ,石油石化,其他石化
240,002477.SZ,农林牧渔,畜牧养殖
241,002478.SZ,钢铁,长材
242,002479.SZ,电力及公用事业,供热或其他
243,002480.SZ,机械,其他运输设备
244,002481.SZ,食品饮料,其他食品
245,002482.SZ,建筑,建筑装修Ⅲ
246,002483.SZ,机械,起重运输设备
247,002484.SZ,电子,其他元器件Ⅲ
248,002485.SZ,纺织服装,大众成人品牌服饰
249,002486.SZ,纺织服装,其他纺织
250,002487.SZ,电力设备及新能源,电站设备Ⅲ
251,002488.SZ,汽车,汽车零部件Ⅲ
252,002489.SZ,轻工制造,其他轻工Ⅲ
253,002490.SZ,机械,矿山冶金机械
254,002491.SZ,通信,线缆
255,002492.SZ,交通运输,港口
256,002493.SZ,石油石化,其他石化
257,002494.SZ,纺织服装,其他纺织
258,002495.SZ,食品饮料,调味品
259,002496.SZ,基础化工,农药
260,002497.SZ,基础化工,民爆用品
261,002498.SZ,电力设备及新能源,输变电设备
262,002499.SZ,电力及公用事业,环保
263,002500.SZ,非银行金融,证券Ⅲ
264,002501.SZ,有色金属,铝
265,002502.SZ,传媒,电影动画
266,002503.SZ,纺织服装,休闲快时尚
267,002504.SZ,电子,半导体Ⅲ
268,002505.SZ,农林牧渔,畜牧养殖
269,002506.SZ,电力设备及新能源,太阳能
270,002507.SZ,食品饮料,其他食品
271,002508.SZ,家电,白色家电Ⅲ
272,002509.SZ,机械,其他专用机械
273,002510.SZ,汽车,汽车零部件Ⅲ
274,002511.SZ,轻工制造,造纸Ⅲ
275,002512.SZ,计算机,专用计算机设备
276,002513.SZ,基础化工,农药
277,002514.SZ,机械,金属制品Ⅲ
278,002515.SZ,食品饮料,肉制品
279,002516.SZ,汽车,汽车零部件Ⅲ
280,002517.SZ,传媒,互联网
281,002518.SZ,计算机,专用计算机设备
282,002519.SZ,国防军工,其他军工Ⅲ
283,002520.SZ,国防军工,其他军工Ⅲ
284,002521.SZ,轻工制造,造纸Ⅲ
285,002522.SZ,基础化工,塑料制品
286,002523.SZ,机械,起重运输设备
287,002524.SZ,石油石化,油品销售及仓储
288,002526.SZ,机械,矿山冶金机械
289,002527.SZ,,
290,002528.SZ,电子,电子设备Ⅲ
291,002529.SZ,机械,其他专用机械
292,002530.SZ,传媒,互联网
293,002531.SZ,电力设备及新能源,风电
294,002532.SZ,机械,其他通用机械
295,002533.SZ,电力设备及新能源,输变电设备
296,002534.SZ,机械,锅炉设备
297,002535.SZ,机械,工程机械Ⅲ
298,002536.SZ,汽车,汽车零部件Ⅲ
299,002537.SZ,汽车,汽车零部件Ⅲ
300,002538.SZ,基础化工,复合肥
301,002539.SZ,基础化工,复合肥
302,002540.SZ,有色金属,铝
303,002541.SZ,建筑,建筑施工Ⅲ
304,002542.SZ,建筑,建筑施工Ⅲ
305,002543.SZ,家电,小家电Ⅲ
306,002544.SZ,通信,网络覆盖优化与运维
307,002545.SZ,,
308,002546.SZ,计算机,专用计算机设备
309,002547.SZ,通信,通信终端及配件
310,002548.SZ,农林牧渔,饲料加工
311,002549.SZ,基础化工,其他化学原料
312,002550.SZ,医药,生物医药Ⅲ
313,002551.SZ,医药,医疗器械
314,002552.SZ,机械,船舶制造
315,002553.SZ,汽车,汽车零部件Ⅲ
316,002554.SZ,机械,矿山冶金机械
317,002555.SZ,传媒,互联网
318,002556.SZ,基础化工,复合肥
319,002557.SZ,食品饮料,其他食品
320,002558.SZ,传媒,互联网
321,002559.SZ,机械,机床设备
322,002560.SZ,电力设备及新能源,输变电设备
323,002561.SZ,商贸零售,百货
324,002562.SZ,基础化工,其他化学制品Ⅲ
325,002563.SZ,纺织服装,休闲快时尚
326,002564.SZ,机械,其他专用机械
327,002565.SZ,轻工制造,包装
328,002566.SZ,医药,中成药
329,002567.SZ,农林牧渔,饲料加工
330,002568.SZ,食品饮料,调味品
331,002569.SZ,纺织服装,大众成人品牌服饰
332,002570.SZ,食品饮料,乳制品
333,002571.SZ,轻工制造,其他轻工Ⅲ
334,002572.SZ,轻工制造,其他轻工Ⅲ
335,002573.SZ,电力及公用事业,环保
336,002574.SZ,商贸零售,连锁
337,002575.SZ,轻工制造,其他轻工Ⅲ
338,002576.SZ,电力设备及新能源,电站设备Ⅲ
339,002577.SZ,计算机,通用计算机设备
340,002578.SZ,有色金属,铝
341,002579.SZ,电子,其他元器件Ⅲ
342,002580.SZ,电力设备及新能源,太阳能
343,002581.SZ,基础化工,农药
344,002582.SZ,食品饮料,其他食品
345,002583.SZ,通信,通信终端及配件
346,002584.SZ,基础化工,其他化学制品Ⅲ
347,002585.SZ,基础化工,聚氨酯
348,002586.SZ,建筑,建筑施工Ⅲ
349,002587.SZ,电子,电子设备Ⅲ
350,002588.SZ,基础化工,复合肥
351,002589.SZ,医药,中成药
352,002590.SZ,汽车,汽车零部件Ⅲ
353,002591.SZ,基础化工,涂料油墨颜料
354,002592.SZ,汽车,汽车零部件Ⅲ
355,002593.SZ,汽车,汽车零部件Ⅲ
356,002594.SZ,汽车,乘用车Ⅲ
357,002595.SZ,机械,机床设备
358,002596.SZ,建材,水泥Ⅲ
359,002597.SZ,基础化工,其他化学原料
360,002598.SZ,机械,其他专用机械
361,002599.SZ,传媒,出版
362,002600.SZ,电子,其他元器件Ⅲ
363,002601.SZ,基础化工,涂料油墨颜料
364,002602.SZ,传媒,互联网
365,002603.SZ,医药,中成药
366,002604.SZ,农林牧渔,农产品加工及流通
367,002605.SZ,轻工制造,其他轻工Ⅲ
368,002606.SZ,电力设备及新能源,输变电设备
369,002607.SZ,汽车,汽车销售及服务Ⅲ
370,002608.SZ,机械,船舶制造
371,002609.SZ,计算机,行业应用软件
372,002610.SZ,电力设备及新能源,太阳能
373,002611.SZ,机械,其他专用机械
374,002612.SZ,纺织服装,中高端成人品牌服饰
375,002613.SZ,建材,玻璃Ⅲ
376,002614.SZ,家电,小家电Ⅲ
377,002615.SZ,家电,小家电Ⅲ
378,002616.SZ,电力及公用事业,环保
379,002617.SZ,电力设备及新能源,输变电设备
380,002618.SZ,电子,其他元器件Ⅲ
381,002619.SZ,建材,水泥Ⅲ
382,002620.SZ,建筑,建筑装修Ⅲ
383,002621.SZ,机械,其他通用机械
384,002622.SZ,电力设备及新能源,输变电设备
385,002623.SZ,建材,玻璃Ⅲ
386,002624.SZ,传媒,广播电视
387,002625.SZ,汽车,汽车零部件Ⅲ
388,002626.SZ,食品饮料,其他食品
389,002627.SZ,交通运输,公交
390,002628.SZ,建筑,建筑施工Ⅲ
391,002629.SZ,机械,矿山冶金机械
392,002630.SZ,电力及公用事业,环保
393,002631.SZ,农林牧渔,林木及加工
394,002632.SZ,基础化工,其他化学制品Ⅲ
395,002633.SZ,机械,基础件
396,002634.SZ,纺织服装,其他纺织
397,002635.SZ,计算机,专用计算机设备
398,002636.SZ,电子,其他元器件Ⅲ
399,002637.SZ,基础化工,日用化学品
400,002638.SZ,综合,教育
401,002639.SZ,机械,其他专用机械
402,002640.SZ,商贸零售,贸易Ⅲ
403,002641.SZ,建材,新型建材及非金属新材料
404,002642.SZ,计算机,行业应用软件
405,002643.SZ,基础化工,其他化学制品Ⅲ
406,002644.SZ,医药,中成药
407,002645.SZ,机械,金属制品Ⅲ
408,002646.SZ,食品饮料,白酒
409,002647.SZ,电子,其他元器件Ⅲ
410,002648.SZ,石油石化,其他石化
411,002649.SZ,计算机,IT外包服务
412,002650.SZ,食品饮料,调味品
413,002651.SZ,机械,其他专用机械
414,002652.SZ,钢铁,板材
415,002653.SZ,医药,化学制剂
416,002654.SZ,电子,半导体Ⅲ
417,002655.SZ,传媒,电影动画
418,002656.SZ,纺织服装,中高端成人品牌服饰
419,002657.SZ,计算机,IT外包服务
420,002658.SZ,电力及公用事业,环保
421,002659.SZ,建筑,建筑施工Ⅲ
422,002660.SZ,电子,电子设备Ⅲ
423,002661.SZ,食品饮料,其他食品
424,002662.SZ,汽车,汽车零部件Ⅲ
425,002663.SZ,建筑,建筑施工Ⅲ
426,002664.SZ,汽车,汽车零部件Ⅲ
427,002665.SZ,电力设备及新能源,电站设备Ⅲ
428,002666.SZ,基础化工,其他化学制品Ⅲ
429,002667.SZ,综合,综合Ⅲ
430,002668.SZ,家电,白色家电Ⅲ
431,002669.SZ,基础化工,树脂
432,002670.SZ,家电,白色家电Ⅲ
433,002671.SZ,建材,水泥Ⅲ
434,002672.SZ,电力及公用事业,环保
435,002673.SZ,非银行金融,证券Ⅲ
436,002674.SZ,纺织服装,其他纺织
437,002675.SZ,医药,化学原料药
438,002676.SZ,家电,白色家电Ⅲ
439,002677.SZ,家电,小家电Ⅲ
440,002678.SZ,轻工制造,其他轻工Ⅲ
441,002679.SZ,农林牧渔,林木及加工
442,002680.SZ,医药,生物医药Ⅲ
443,002681.SZ,电子,电子设备Ⅲ
444,002682.SZ,汽车,汽车销售及服务Ⅲ
445,002683.SZ,基础化工,民爆用品
446,002684.SZ,汽车,汽车零部件Ⅲ
447,002685.SZ,机械,起重运输设备
448,002686.SZ,机械,其他专用机械
449,002687.SZ,纺织服装,大众成人品牌服饰
450,002688.SZ,医药,生物医药Ⅲ
451,002689.SZ,机械,其他运输设备
452,002690.SZ,机械,其他专用机械
453,002691.SZ,机械,矿山冶金机械
454,002692.SZ,电力设备及新能源,输变电设备
455,002693.SZ,医药,化学原料药
456,002694.SZ,基础化工,塑料制品
457,002695.SZ,食品饮料,肉制品
458,002696.SZ,食品饮料,肉制品
459,002697.SZ,商贸零售,超市及便利店
460,002698.SZ,机械,其他专用机械
461,002699.SZ,纺织服装,其他纺织
462,002700.SZ,电力及公用事业,燃气
463,002701.SZ,轻工制造,包装
464,002702.SZ,食品饮料,肉制品
465,002703.SZ,汽车,汽车零部件Ⅲ
466,002705.SZ,家电,小家电Ⅲ
467,002706.SZ,电力设备及新能源,配电设备
468,002707.SZ,消费者服务,旅游服务
469,002708.SZ,汽车,汽车零部件Ⅲ
470,002709.SZ,基础化工,日用化学品
471,002711.SZ,交通运输,物流综合
472,002712.SZ,传媒,整合营销
473,002713.SZ,建筑,建筑装修Ⅲ
474,002714.SZ,农林牧渔,畜牧养殖
475,002715.SZ,汽车,汽车零部件Ⅲ
476,002716.SZ,有色金属,稀有金属Ⅲ
477,002717.SZ,建筑,建筑施工Ⅲ
478,002718.SZ,建材,陶瓷
479,002719.SZ,食品饮料,乳制品
480,002721.SZ,商贸零售,连锁
481,002722.SZ,机械,纺织服装机械
482,002723.SZ,家电,照明电工
483,002724.SZ,电子,电子设备Ⅲ
484,002725.SZ,汽车,汽车零部件Ⅲ
485,002726.SZ,食品饮料,肉制品
486,002727.SZ,医药,医药流通
487,002728.SZ,医药,化学制剂
488,002729.SZ,电力设备及新能源,配电设备
489,002730.SZ,电力设备及新能源,配电设备
490,002731.SZ,商贸零售,连锁
491,002732.SZ,食品饮料,乳制品
492,002733.SZ,电子,其他元器件Ⅲ
493,002734.SZ,基础化工,农药
494,002735.SZ,轻工制造,包装
495,002736.SZ,非银行金融,证券Ⅲ
496,002737.SZ,医药,中成药
497,002738.SZ,有色金属,稀有金属Ⅲ
498,002739.SZ,传媒,电影动画
499,002740.SZ,纺织服装,中高端成人品牌服饰
500,002741.SZ,医药,化学制剂
501,002742.SZ,建材,新型建材及非金属新材料
502,002743.SZ,机械,金属制品Ⅲ
503,002745.SZ,电子,其他元器件Ⅲ
504,002746.SZ,农林牧渔,畜牧养殖
505,002747.SZ,机械,机床设备
506,002748.SZ,基础化工,氯碱
507,002749.SZ,基础化工,复合肥
508,002750.SZ,医药,中成药
509,002751.SZ,轻工制造,其他轻工Ⅲ
510,002752.SZ,轻工制造,包装
511,002753.SZ,煤炭,其他煤化工
512,002755.SZ,建筑,建筑施工Ⅲ
513,002756.SZ,钢铁,特钢
514,002757.SZ,机械,其他通用机械
515,002758.SZ,医药,医药流通
516,002759.SZ,家电,小家电Ⅲ
517,002760.SZ,机械,其他通用机械
518,002761.SZ,纺织服装,家纺
519,002762.SZ,纺织服装,家纺
520,002763.SZ,纺织服装,家纺
521,002765.SZ,汽车,汽车零部件Ⅲ
522,002766.SZ,计算机,行业应用软件
523,002767.SZ,机械,其他通用机械
524,002768.SZ,基础化工,其他化学制品Ⅲ
525,002769.SZ,交通运输,物流综合
526,002770.SZ,食品饮料,乳制品
527,002771.SZ,计算机,专用计算机设备
528,002772.SZ,农林牧渔,林木及加工
529,002773.SZ,医药,中成药
530,002774.SZ,机械,其他专用机械
531,002775.SZ,建筑,建筑施工Ⅲ
532,002776.SZ,纺织服装,其他纺织
533,002777.SZ,计算机,行业应用软件
534,002778.SZ,石油石化,炼油
535,002779.SZ,机械,其他专用机械
536,002780.SZ,纺织服装,体育及户外品牌
537,002781.SZ,建筑,建筑装修Ⅲ
538,002782.SZ,电子,电子设备Ⅲ
539,002783.SZ,基础化工,民爆用品
540,002785.SZ,建材,新型建材及非金属新材料
541,002786.SZ,机械,其他通用机械
542,002787.SZ,机械,金属制品Ⅲ
543,002788.SZ,医药,化学原料药
544,002789.SZ,建筑,建筑装修Ⅲ
545,002790.SZ,家电,白色家电Ⅲ
546,002791.SZ,建筑,建筑施工Ⅲ
547,002792.SZ,通信,通信终端及配件
548,002793.SZ,机械,其他专用机械
549,002795.SZ,机械,其他专用机械
550,002796.SZ,机械,金属制品Ⅲ
551,002797.SZ,非银行金融,证券Ⅲ
552,002798.SZ,建材,陶瓷
553,002799.SZ,轻工制造,包装
554,002800.SZ,交通运输,航空
555,002801.SZ,机械,其他专用机械
556,002802.SZ,基础化工,其他化学原料
557,002803.SZ,轻工制造,包装
558,002805.SZ,基础化工,其他化学原料
559,002806.SZ,有色金属,铝
560,002807.SZ,银行,城商行
561,002808.SZ,电子,电子设备Ⅲ
562,002809.SZ,基础化工,其他化学制品Ⅲ
563,002810.SZ,基础化工,其他化学制品Ⅲ
564,002811.SZ,建筑,建筑装修Ⅲ
565,002812.SZ,轻工制造,包装
566,002813.SZ,通信,通信终端及配件
567,002815.SZ,电子,其他元器件Ⅲ
568,002816.SZ,机械,其他专用机械
569,002817.SZ,医药,中成药
570,002818.SZ,商贸零售,贸易Ⅲ
571,002819.SZ,机械,仪器仪表Ⅲ
572,002820.SZ,食品饮料,其他食品
573,002821.SZ,医药,化学原料药
574,002822.SZ,建筑,建筑装修Ⅲ
575,002823.SZ,机械,其他专用机械
576,002824.SZ,有色金属,铝
577,002825.SZ,轻工制造,印刷
578,002826.SZ,医药,中成药
579,002827.SZ,基础化工,民爆用品
580,002828.SZ,石油石化,石油开采Ⅲ
581,002829.SZ,计算机,专用计算机设备
582,002830.SZ,建筑,建筑装修Ⅲ
583,002831.SZ,轻工制造,包装
584,002832.SZ,纺织服装,体育及户外品牌
585,002833.SZ,机械,其他专用机械
586,002835.SZ,计算机,专用计算机设备
587,002836.SZ,轻工制造,包装
588,002837.SZ,机械,其他专用机械
589,002838.SZ,基础化工,塑料制品
590,002839.SZ,银行,城商行
591,002840.SZ,食品饮料,肉制品
592,002841.SZ,电子,电子设备Ⅲ
593,002842.SZ,有色金属,稀有金属Ⅲ
594,002843.SZ,机械,金属制品Ⅲ
595,002845.SZ,电子,电子设备Ⅲ
596,002846.SZ,轻工制造,包装
597,002847.SZ,食品饮料,其他食品
598,002848.SZ,通信,通信终端及配件
599,002849.SZ,机械,仪器仪表Ⅲ
600,002850.SZ,机械,金属制品Ⅲ
601,002851.SZ,电力设备及新能源,输变电设备
602,002852.SZ,农林牧渔,农产品加工及流通
603,002853.SZ,轻工制造,其他轻工Ⅲ
604,002855.SZ,基础化工,塑料制品
605,002856.SZ,建筑,建筑装修Ⅲ
606,002857.SZ,机械,仪器仪表Ⅲ
607,002858.SZ,传媒,整合营销
608,002859.SZ,轻工制造,其他轻工Ⅲ
609,002860.SZ,家电,白色家电Ⅲ
610,002861.SZ,电子,其他元器件Ⅲ
611,002862.SZ,轻工制造,其他轻工Ⅲ
612,002863.SZ,汽车,汽车零部件Ⅲ
613,002864.SZ,医药,中成药
614,002865.SZ,汽车,汽车零部件Ⅲ
615,002866.SZ,计算机,通用计算机设备
616,002867.SZ,纺织服装,中高端成人品牌服饰
617,002868.SZ,农林牧渔,饲料加工
618,002869.SZ,电子,电子设备Ⅲ
619,002870.SZ,机械,仪器仪表Ⅲ
620,002871.SZ,机械,基础件
621,002872.SZ,医药,医药流通
622,002873.SZ,医药,中药饮片
623,002875.SZ,纺织服装,中高端成人品牌服饰
624,002876.SZ,电子,其他元器件Ⅲ
625,002877.SZ,机械,基础件
626,002878.SZ,传媒,整合营销
627,002879.SZ,电力设备及新能源,输变电设备
628,002880.SZ,医药,生物医药Ⅲ
629,002881.SZ,电子,电子设备Ⅲ
630,002882.SZ,电力设备及新能源,输变电设备
631,002883.SZ,建筑,建筑施工Ⅲ
632,002884.SZ,机械,其他通用机械
633,002885.SZ,电力设备及新能源,输变电设备
634,002886.SZ,基础化工,塑料制品
635,002887.SZ,建筑,建筑装修Ⅲ
636,002888.SZ,电子,其他元器件Ⅲ
637,002889.SZ,传媒,整合营销
638,002890.SZ,机械,其他专用机械
639,002891.SZ,食品饮料,其他食品
640,002892.SZ,电力设备及新能源,电站设备Ⅲ
641,002893.SZ,电力及公用事业,供热或其他
642,002895.SZ,基础化工,磷化工
643,002896.SZ,机械,其他专用机械
644,002897.SZ,通信,通信终端及配件
645,002898.SZ,医药,化学制剂
646,002899.SZ,轻工制造,其他轻工Ⅲ
647,002900.SZ,医药,化学制剂
648,002901.SZ,医药,医疗器械
649,002902.SZ,电子,电子设备Ⅲ
650,002903.SZ,机械,机床设备
651,002905.SZ,传媒,电影动画
652,002906.SZ,计算机,专用计算机设备
653,002907.SZ,医药,中药饮片
654,002908.SZ,通信,通信终端及配件
655,002909.SZ,基础化工,其他化学制品Ⅲ
656,002910.SZ,食品饮料,乳制品
657,002911.SZ,电力及公用事业,燃气
658,002912.SZ,计算机,行业应用软件
659,002913.SZ,,
660,002915.SZ,基础化工,氟化工
661,002916.SZ,,
662,002917.SZ,,
663,002918.SZ,,
664,002919.SZ,,
665,002920.SZ,,
666,002921.SZ,,
667,002922.SZ,,
668,300001.SZ,电力设备及新能源,输变电设备
669,300002.SZ,计算机,行业应用软件
670,300003.SZ,医药,医疗器械
671,300004.SZ,机械,工程机械Ⅲ
672,300005.SZ,纺织服装,体育及户外品牌
673,300006.SZ,医药,化学制剂
674,300007.SZ,电子,电子设备Ⅲ
675,300008.SZ,机械,船舶制造
676,300009.SZ,医药,生物医药Ⅲ
677,300010.SZ,计算机,行业应用软件
678,300011.SZ,机械,铁路交通设备
679,300012.SZ,电力及公用事业,环保
680,300013.SZ,交通运输,物流综合
681,300014.SZ,电子,其他元器件Ⅲ
682,300015.SZ,医药,医疗服务
683,300016.SZ,医药,化学制剂
684,300017.SZ,通信,增值服务Ⅲ
685,300018.SZ,电力设备及新能源,配电设备
686,300019.SZ,基础化工,有机硅
687,300020.SZ,计算机,系统集成及IT咨询
688,300021.SZ,,
689,300022.SZ,机械,其他专用机械
690,300023.SZ,非银行金融,其他非银金融
691,300024.SZ,机械,其他专用机械
692,300025.SZ,通信,网络覆盖优化与运维
693,300026.SZ,医药,中成药
694,300027.SZ,传媒,电影动画
695,300028.SZ,电子,电子设备Ⅲ
696,300029.SZ,机械,其他专用机械
697,300030.SZ,医药,医疗器械
698,300031.SZ,传媒,互联网
699,300032.SZ,电子,其他元器件Ⅲ
0,300033.SZ,计算机,基础软件及管理办公软件
1,300034.SZ,国防军工,其他军工Ⅲ
2,300035.SZ,机械,其他专用机械
3,300036.SZ,计算机,基础软件及管理办公软件
4,300037.SZ,基础化工,其他化学原料
5,300038.SZ,通信,网络接配及塔设
6,300039.SZ,医药,中成药
7,300040.SZ,电力设备及新能源,输变电设备
8,300041.SZ,基础化工,有机硅
9,300042.SZ,计算机,通用计算机设备
10,300043.SZ,轻工制造,其他轻工Ⅲ
11,300044.SZ,建筑,建筑施工Ⅲ
12,300045.SZ,国防军工,其他军工Ⅲ
13,300046.SZ,电子,半导体Ⅲ
14,300047.SZ,通信,增值服务Ⅲ
15,300048.SZ,电力设备及新能源,配电设备
16,300049.SZ,医药,中成药
17,300050.SZ,通信,网络覆盖优化与运维
18,300051.SZ,传媒,互联网
19,300052.SZ,传媒,互联网
20,300053.SZ,电子,半导体Ⅲ
21,300054.SZ,基础化工,其他化学原料
22,300055.SZ,电力及公用事业,环保
23,300056.SZ,电力及公用事业,环保
24,300057.SZ,轻工制造,印刷
25,300058.SZ,传媒,整合营销
26,300059.SZ,传媒,互联网
27,300061.SZ,轻工制造,其他轻工Ⅲ
28,300062.SZ,电力设备及新能源,配电设备
29,300063.SZ,传媒,整合营销
30,300064.SZ,建材,新型建材及非金属新材料
31,300065.SZ,国防军工,其他军工Ⅲ
32,300066.SZ,机械,仪器仪表Ⅲ
33,300067.SZ,基础化工,印染化学品
34,300068.SZ,电力设备及新能源,配电设备
35,300069.SZ,电力设备及新能源,配电设备
36,300070.SZ,电力及公用事业,环保
37,300071.SZ,传媒,整合营销
38,300072.SZ,基础化工,其他化学制品Ⅲ
39,300073.SZ,基础化工,其他化学原料
40,300074.SZ,计算机,专用计算机设备
41,300075.SZ,计算机,行业应用软件
42,300076.SZ,计算机,专用计算机设备
43,300077.SZ,电子,半导体Ⅲ
44,300078.SZ,计算机,专用计算机设备
45,300079.SZ,传媒,广播电视
46,300080.SZ,电力设备及新能源,太阳能
47,300081.SZ,通信,增值服务Ⅲ
48,300082.SZ,基础化工,其他化学原料
49,300083.SZ,,
50,300084.SZ,机械,矿山冶金机械
51,300085.SZ,计算机,行业应用软件
52,300086.SZ,医药,化学制剂
53,300087.SZ,农林牧渔,种业
54,300088.SZ,电子,其他元器件Ⅲ
55,300089.SZ,轻工制造,其他轻工Ⅲ
56,300090.SZ,电力及公用事业,环保
57,300091.SZ,电力设备及新能源,风电
58,300092.SZ,机械,其他通用机械
59,300093.SZ,建材,玻璃Ⅲ
60,300094.SZ,农林牧渔,水产养殖
61,300095.SZ,机械,起重运输设备
62,300096.SZ,计算机,行业应用软件
63,300097.SZ,机械,机床设备
64,300098.SZ,计算机,专用计算机设备
65,300099.SZ,机械,矿山冶金机械
66,300100.SZ,汽车,汽车零部件Ⅲ
67,300101.SZ,国防军工,其他军工Ⅲ
68,300102.SZ,电子,半导体Ⅲ
69,300103.SZ,机械,其他专用机械
70,300104.SZ,传媒,互联网
71,300105.SZ,机械,锅炉设备
72,300106.SZ,农林牧渔,畜牧养殖
73,300107.SZ,基础化工,聚氨酯
74,300108.SZ,基础化工,其他化学原料
75,300109.SZ,医药,化学原料药
76,300110.SZ,医药,化学制剂
77,300111.SZ,电力设备及新能源,太阳能
78,300112.SZ,机械,仪器仪表Ⅲ
79,300113.SZ,传媒,互联网
80,300114.SZ,国防军工,其他军工Ⅲ
81,300115.SZ,电子,其他元器件Ⅲ
82,300116.SZ,机械,其他专用机械
83,300117.SZ,建筑,建筑装修Ⅲ
84,300118.SZ,电力设备及新能源,太阳能
85,300119.SZ,农林牧渔,动物疫苗及兽药
86,300120.SZ,电力设备及新能源,输变电设备
87,300121.SZ,基础化工,橡胶制品
88,300122.SZ,医药,生物医药Ⅲ
89,300123.SZ,机械,船舶制造
90,300124.SZ,机械,其他通用机械
91,300125.SZ,电力设备及新能源,电站设备Ⅲ
92,300126.SZ,机械,其他通用机械
93,300127.SZ,电子,其他元器件Ⅲ
94,300128.SZ,电子,其他元器件Ⅲ
95,300129.SZ,电力设备及新能源,电站设备Ⅲ
96,300130.SZ,计算机,专用计算机设备
97,300131.SZ,电子,电子设备Ⅲ
98,300132.SZ,基础化工,日用化学品
99,300133.SZ,传媒,电影动画
100,300134.SZ,通信,系统设备
101,300135.SZ,石油石化,其他石化
102,300136.SZ,通信,通信终端及配件
103,300137.SZ,电力及公用事业,环保
104,300138.SZ,食品饮料,调味品
105,300139.SZ,,
106,300140.SZ,电力设备及新能源,配电设备
107,300141.SZ,电力设备及新能源,输变电设备
108,300142.SZ,医药,生物医药Ⅲ
109,300143.SZ,食品饮料,其他食品
110,300144.SZ,消费者服务,景区
111,300145.SZ,机械,其他通用机械
112,300146.SZ,食品饮料,其他食品
113,300147.SZ,医药,中成药
114,300148.SZ,传媒,出版
115,300149.SZ,农林牧渔,农产品加工及流通
116,300150.SZ,计算机,行业应用软件
117,300151.SZ,机械,其他专用机械
118,300152.SZ,电力设备及新能源,配电设备
119,300153.SZ,电力设备及新能源,电站设备Ⅲ
120,300154.SZ,机械,其他通用机械
121,300155.SZ,电子,电子设备Ⅲ
122,300156.SZ,电力及公用事业,环保
123,300157.SZ,计算机,行业应用软件
124,300158.SZ,医药,中成药
125,300159.SZ,机械,其他专用机械
126,300160.SZ,建材,玻璃Ⅲ
127,300161.SZ,机械,机床设备
128,300162.SZ,电子,其他元器件Ⅲ
129,300163.SZ,建材,新型建材及非金属新材料
130,300164.SZ,机械,矿山冶金机械
131,300165.SZ,机械,仪器仪表Ⅲ
132,300166.SZ,计算机,行业应用软件
133,300167.SZ,计算机,专用计算机设备
134,300168.SZ,计算机,行业应用软件
135,300169.SZ,基础化工,其他化学制品Ⅲ
136,300170.SZ,计算机,系统集成及IT咨询
137,300171.SZ,机械,其他通用机械
138,300172.SZ,电力及公用事业,环保
139,300173.SZ,机械,其他专用机械
140,300174.SZ,基础化工,其他化学制品Ⅲ
141,300175.SZ,农林牧渔,果蔬饮料
142,300176.SZ,汽车,汽车零部件Ⅲ
143,300177.SZ,计算机,专用计算机设备
144,300178.SZ,消费者服务,旅游服务
145,300179.SZ,建材,新型建材及非金属新材料
146,300180.SZ,基础化工,聚氨酯
147,300181.SZ,医药,中成药
148,300182.SZ,计算机,行业应用软件
149,300183.SZ,电子,电子设备Ⅲ
150,300184.SZ,电子,其他元器件Ⅲ
151,300185.SZ,电力设备及新能源,风电
152,300187.SZ,电力及公用事业,环保
153,300188.SZ,计算机,基础软件及管理办公软件
154,300189.SZ,农林牧渔,种业
155,300190.SZ,电力及公用事业,环保
156,300191.SZ,计算机,行业应用软件
157,300192.SZ,基础化工,印染化学品
158,300193.SZ,机械,其他通用机械
159,300194.SZ,医药,化学原料药
160,300195.SZ,机械,其他专用机械
161,300196.SZ,建材,玻璃Ⅲ
162,300197.SZ,建筑,建筑施工Ⅲ
163,300198.SZ,建材,新型建材及非金属新材料
164,300199.SZ,医药,化学制剂
165,300200.SZ,基础化工,氨纶
166,300201.SZ,汽车,专用汽车
167,300202.SZ,计算机,行业应用软件
168,300203.SZ,电力及公用事业,环保
169,300204.SZ,医药,生物医药Ⅲ
170,300205.SZ,通信,通信终端及配件
171,300206.SZ,医药,医疗器械
172,300207.SZ,电子,其他元器件Ⅲ
173,300208.SZ,电力设备及新能源,电站设备Ⅲ
174,300209.SZ,计算机,行业应用软件
175,300210.SZ,机械,其他专用机械
176,300211.SZ,通信,动力设备
177,300212.SZ,计算机,行业应用软件
178,300213.SZ,通信,系统设备
179,300214.SZ,基础化工,其他化学原料
180,300215.SZ,电力设备及新能源,配电设备
181,300216.SZ,机械,其他专用机械
182,300217.SZ,家电,小家电Ⅲ
183,300218.SZ,基础化工,树脂
184,300219.SZ,电子,其他元器件Ⅲ
185,300220.SZ,,
186,300221.SZ,基础化工,树脂
187,300222.SZ,电力设备及新能源,配电设备
188,300223.SZ,电子,其他元器件Ⅲ
189,300224.SZ,,
190,300225.SZ,基础化工,涂料油墨颜料
191,300226.SZ,传媒,互联网
192,300227.SZ,电子,电子设备Ⅲ
193,300228.SZ,机械,其他通用机械
194,300229.SZ,计算机,基础软件及管理办公软件
195,300230.SZ,基础化工,塑料制品
196,300231.SZ,计算机,系统集成及IT咨询
197,300232.SZ,电子,电子设备Ⅲ
198,300233.SZ,医药,化学原料药
199,300234.SZ,建材,陶瓷
200,300235.SZ,计算机,基础软件及管理办公软件
201,300236.SZ,基础化工,其他化学制品Ⅲ
202,300237.SZ,汽车,汽车零部件Ⅲ
203,300238.SZ,医药,生物医药Ⅲ
204,300239.SZ,医药,生物医药Ⅲ
205,300240.SZ,交通运输,物流综合
206,300241.SZ,电子,其他元器件Ⅲ
207,300242.SZ,传媒,整合营销
208,300243.SZ,基础化工,其他化学制品Ⅲ
209,300244.SZ,医药,医疗器械
210,300245.SZ,计算机,系统集成及IT咨询
211,300246.SZ,医药,医疗器械
212,300247.SZ,家电,其他家电
213,300248.SZ,计算机,行业应用软件
214,300249.SZ,家电,白色家电Ⅲ
215,300250.SZ,通信,系统设备
216,300251.SZ,传媒,广播电视
217,300252.SZ,国防军工,其他军工Ⅲ
218,300253.SZ,计算机,行业应用软件
219,300254.SZ,医药,化学制剂
220,300255.SZ,医药,生物医药Ⅲ
221,300256.SZ,电子,其他元器件Ⅲ
222,300257.SZ,机械,其他专用机械
223,300258.SZ,汽车,汽车零部件Ⅲ
224,300259.SZ,机械,仪器仪表Ⅲ
225,300260.SZ,机械,其他专用机械
226,300261.SZ,基础化工,其他化学原料
227,300262.SZ,电力及公用事业,环保
228,300263.SZ,机械,其他专用机械
229,300264.SZ,通信,通信终端及配件
230,300265.SZ,电力设备及新能源,输变电设备
231,300266.SZ,电力及公用事业,环保
232,300267.SZ,医药,化学原料药
233,300268.SZ,农林牧渔,农产品加工及流通
234,300269.SZ,电子,半导体Ⅲ
235,300270.SZ,计算机,专用计算机设备
236,300271.SZ,计算机,行业应用软件
237,300272.SZ,家电,小家电Ⅲ
238,300273.SZ,医药,医疗器械
239,300274.SZ,电力设备及新能源,太阳能
240,300275.SZ,计算机,专用计算机设备
241,300276.SZ,机械,其他运输设备
242,300277.SZ,计算机,行业应用软件
243,300278.SZ,机械,机床设备
244,300279.SZ,家电,白色家电Ⅲ
245,300280.SZ,综合,综合Ⅲ
246,300281.SZ,机械,其他专用机械
247,300282.SZ,电子,其他元器件Ⅲ
248,300283.SZ,电力设备及新能源,配电设备
249,300284.SZ,建筑,建筑施工Ⅲ
250,300285.SZ,基础化工,其他化学原料
251,300286.SZ,电力设备及新能源,配电设备
252,300287.SZ,计算机,行业应用软件
253,300288.SZ,通信,增值服务Ⅲ
254,300289.SZ,医药,化学制剂
255,300290.SZ,计算机,IT外包服务
256,300291.SZ,传媒,广播电视
257,300292.SZ,通信,线缆
258,300293.SZ,机械,其他专用机械
259,300294.SZ,医药,生物医药Ⅲ
260,300295.SZ,传媒,互联网
261,300296.SZ,电子,半导体Ⅲ
262,300297.SZ,计算机,行业应用软件
263,300298.SZ,医药,医疗器械
264,300299.SZ,通信,网络覆盖优化与运维
265,300300.SZ,建筑,建筑施工Ⅲ
266,300301.SZ,电子,半导体Ⅲ
267,300302.SZ,计算机,系统集成及IT咨询
268,300303.SZ,电子,半导体Ⅲ
269,300304.SZ,汽车,汽车零部件Ⅲ
270,300305.SZ,基础化工,聚氨酯
271,300306.SZ,机械,仪器仪表Ⅲ
272,300307.SZ,机械,纺织服装机械
273,300308.SZ,机械,其他专用机械
274,300309.SZ,机械,矿山冶金机械
275,300310.SZ,通信,网络覆盖优化与运维
276,300311.SZ,计算机,专用计算机设备
277,300312.SZ,通信,通信终端及配件
278,300313.SZ,农林牧渔,畜牧养殖
279,300314.SZ,医药,医疗器械
280,300315.SZ,传媒,互联网
281,300316.SZ,机械,其他专用机械
282,300317.SZ,家电,照明电工
283,300318.SZ,医药,化学制剂
284,300319.SZ,电子,其他元器件Ⅲ
285,300320.SZ,基础化工,橡胶制品
286,300321.SZ,基础化工,涤纶
287,300322.SZ,通信,通信终端及配件
288,300323.SZ,电子,半导体Ⅲ
289,300324.SZ,计算机,行业应用软件
290,300325.SZ,基础化工,氯碱
291,300326.SZ,医药,医疗器械
292,300327.SZ,电子,电子设备Ⅲ
293,300328.SZ,有色金属,铝
294,300329.SZ,轻工制造,其他轻工Ⅲ
295,300330.SZ,计算机,系统集成及IT咨询
296,300331.SZ,电子,其他元器件Ⅲ
297,300332.SZ,电力及公用事业,环保
298,300333.SZ,计算机,系统集成及IT咨询
299,300334.SZ,电力及公用事业,环保
300,300335.SZ,电力及公用事业,环保
301,300336.SZ,传媒,广播电视
302,300337.SZ,有色金属,铝
303,300338.SZ,综合,教育
304,300339.SZ,计算机,行业应用软件
305,300340.SZ,基础化工,其他化学制品Ⅲ
306,300341.SZ,电力设备及新能源,配电设备
307,300342.SZ,家电,白色家电Ⅲ
308,300343.SZ,基础化工,聚氨酯
309,300344.SZ,建材,新型建材及非金属新材料
310,300345.SZ,建材,新型建材及非金属新材料
311,300346.SZ,电子,半导体Ⅲ
312,300347.SZ,医药,医疗服务
313,300348.SZ,计算机,行业应用软件
314,300349.SZ,机械,仪器仪表Ⅲ
315,300350.SZ,交通运输,物流综合
316,300351.SZ,机械,铁路交通设备
317,300352.SZ,计算机,基础软件及管理办公软件
318,300353.SZ,通信,通信终端及配件
319,300354.SZ,机械,仪器仪表Ⅲ
320,300355.SZ,建筑,建筑施工Ⅲ
321,300356.SZ,电子,电子设备Ⅲ
322,300357.SZ,医药,生物医药Ⅲ
323,300358.SZ,医药,医疗器械
324,300359.SZ,传媒,互联网
325,300360.SZ,电子,电子设备Ⅲ
326,300362.SZ,电力及公用事业,环保
327,300363.SZ,医药,化学制剂
328,300364.SZ,传媒,出版
329,300365.SZ,计算机,行业应用软件
330,300366.SZ,通信,网络覆盖优化与运维
331,300367.SZ,计算机,行业应用软件
332,300368.SZ,机械,其他专用机械
333,300369.SZ,计算机,基础软件及管理办公软件
334,300370.SZ,机械,仪器仪表Ⅲ
335,300371.SZ,机械,仪器仪表Ⅲ
336,300373.SZ,电子,半导体Ⅲ
337,300374.SZ,建材,新型建材及非金属新材料
338,300375.SZ,汽车,汽车零部件Ⅲ
339,300376.SZ,电力设备及新能源,配电设备
340,300377.SZ,计算机,行业应用软件
341,300378.SZ,计算机,行业应用软件
342,300379.SZ,计算机,基础软件及管理办公软件
343,300380.SZ,计算机,行业应用软件
344,300381.SZ,农林牧渔,饲料加工
345,300382.SZ,机械,金属制品Ⅲ
346,300383.SZ,通信,增值服务Ⅲ
347,300384.SZ,石油石化,其他石化
348,300385.SZ,电力及公用事业,环保
349,300386.SZ,计算机,基础软件及管理办公软件
350,300387.SZ,基础化工,复合肥
351,300388.SZ,电力及公用事业,环保
352,300389.SZ,电子,其他元器件Ⅲ
353,300390.SZ,电子,电子设备Ⅲ
354,300391.SZ,,
355,300392.SZ,传媒,互联网
356,300393.SZ,电力设备及新能源,太阳能
357,300394.SZ,通信,系统设备
358,300395.SZ,电子,其他元器件Ⅲ
359,300396.SZ,医药,医疗器械
360,300397.SZ,国防军工,兵器兵装Ⅲ
361,300398.SZ,基础化工,涂料油墨颜料
362,300399.SZ,计算机,行业应用软件
363,300400.SZ,机械,其他通用机械
364,300401.SZ,医药,化学制剂
365,300402.SZ,机械,金属制品Ⅲ
366,300403.SZ,轻工制造,其他轻工Ⅲ
367,300404.SZ,医药,医疗服务
368,300405.SZ,基础化工,其他化学制品Ⅲ
369,300406.SZ,医药,化学制剂
370,300407.SZ,电力设备及新能源,配电设备
371,300408.SZ,电子,其他元器件Ⅲ
372,300409.SZ,建材,陶瓷
373,300410.SZ,机械,仪器仪表Ⅲ
374,300411.SZ,机械,铁路交通设备
375,300412.SZ,医药,医疗器械
376,300413.SZ,商贸零售,百货
377,300414.SZ,通信,网络接配及塔设
378,300415.SZ,机械,其他专用机械
379,300416.SZ,机械,仪器仪表Ⅲ
380,300417.SZ,机械,仪器仪表Ⅲ
381,300418.SZ,传媒,互联网
382,300419.SZ,计算机,系统集成及IT咨询
383,300420.SZ,机械,其他专用机械
384,300421.SZ,机械,金属制品Ⅲ
385,300422.SZ,电力及公用事业,环保
386,300423.SZ,电力设备及新能源,配电设备
387,300424.SZ,机械,其他运输设备
388,300425.SZ,电力及公用事业,环保
389,300426.SZ,传媒,广播电视
390,300427.SZ,电力设备及新能源,配电设备
391,300428.SZ,有色金属,铝
392,300429.SZ,基础化工,其他化学制品Ⅲ
393,300430.SZ,机械,其他专用机械
394,300431.SZ,传媒,互联网
395,300432.SZ,汽车,汽车零部件Ⅲ
396,300433.SZ,电子,其他元器件Ⅲ
397,300434.SZ,机械,其他通用机械
398,300435.SZ,机械,其他专用机械
399,300436.SZ,医药,化学原料药
400,300437.SZ,基础化工,其他化学制品Ⅲ
401,300438.SZ,电子,其他元器件Ⅲ
402,300439.SZ,医药,医疗器械
403,300440.SZ,计算机,行业应用软件
404,300441.SZ,机械,基础件
405,300442.SZ,机械,其他专用机械
406,300443.SZ,电力设备及新能源,风电
407,300444.SZ,电力设备及新能源,电站设备Ⅲ
408,300445.SZ,机械,仪器仪表Ⅲ
409,300446.SZ,电子,其他元器件Ⅲ
410,300447.SZ,国防军工,其他军工Ⅲ
411,300448.SZ,计算机,行业应用软件
412,300449.SZ,计算机,专用计算机设备
413,300450.SZ,机械,其他通用机械
414,300451.SZ,计算机,行业应用软件
415,300452.SZ,医药,化学原料药
416,300453.SZ,医药,医疗器械
417,300455.SZ,计算机,专用计算机设备
418,300456.SZ,机械,仪器仪表Ⅲ
419,300457.SZ,机械,其他通用机械
420,300458.SZ,计算机,专用计算机设备
421,300459.SZ,基础化工,日用化学品
422,300460.SZ,电子,半导体Ⅲ
423,300461.SZ,机械,机床设备
424,300462.SZ,电子,电子设备Ⅲ
425,300463.SZ,医药,化学制剂
426,300464.SZ,机械,其他通用机械
427,300465.SZ,计算机,IT外包服务
428,300466.SZ,机械,矿山冶金机械
429,300467.SZ,传媒,互联网
430,300468.SZ,计算机,IT外包服务
431,300469.SZ,计算机,行业应用软件
432,300470.SZ,机械,其他通用机械
433,300471.SZ,机械,其他专用机械
434,300472.SZ,机械,其他专用机械
435,300473.SZ,汽车,汽车零部件Ⅲ
436,300474.SZ,国防军工,航天军工
437,300475.SZ,家电,其他家电
438,300476.SZ,电子,其他元器件Ⅲ
439,300477.SZ,电力设备及新能源,配电设备
440,300478.SZ,基础化工,其他化学制品Ⅲ
441,300479.SZ,计算机,专用计算机设备
442,300480.SZ,机械,其他专用机械
443,300481.SZ,基础化工,其他化学制品Ⅲ
444,300482.SZ,医药,生物医药Ⅲ
445,300483.SZ,建筑,建筑施工Ⅲ
446,300484.SZ,电力设备及新能源,配电设备
447,300485.SZ,医药,生物医药Ⅲ
448,300486.SZ,机械,其他专用机械
449,300487.SZ,基础化工,树脂
450,300488.SZ,机械,机床设备
451,300489.SZ,机械,其他专用机械
452,300490.SZ,电力设备及新能源,电站设备Ⅲ
453,300491.SZ,电子,电子设备Ⅲ
454,300492.SZ,房地产,园区综合开发
455,300493.SZ,电子,电子设备Ⅲ
456,300494.SZ,计算机,行业应用软件
457,300495.SZ,建筑,建筑装修Ⅲ
458,300496.SZ,计算机,行业应用软件
459,300497.SZ,医药,化学原料药
460,300498.SZ,农林牧渔,畜牧养殖
461,300499.SZ,机械,其他专用机械
462,300500.SZ,建筑,建筑装修Ⅲ
463,300501.SZ,轻工制造,包装
464,300502.SZ,通信,通信终端及配件
465,300503.SZ,机械,其他通用机械
466,300505.SZ,基础化工,磷肥
467,300506.SZ,建筑,建筑装修Ⅲ
468,300507.SZ,汽车,汽车零部件Ⅲ
469,300508.SZ,计算机,行业应用软件
470,300509.SZ,机械,其他专用机械
471,300510.SZ,电力设备及新能源,电站设备Ⅲ
472,300511.SZ,农林牧渔,果蔬饮料
473,300512.SZ,机械,其他通用机械
474,300513.SZ,计算机,行业应用软件
475,300514.SZ,机械,仪器仪表Ⅲ
476,300515.SZ,电子,电子设备Ⅲ
477,300516.SZ,电子,电子设备Ⅲ
478,300517.SZ,建筑,建筑施工Ⅲ
479,300518.SZ,传媒,互联网
480,300519.SZ,医药,化学原料药
481,300520.SZ,计算机,系统集成及IT咨询
482,300521.SZ,机械,其他专用机械
483,300522.SZ,基础化工,印染化学品
484,300523.SZ,计算机,系统集成及IT咨询
485,300525.SZ,计算机,行业应用软件
486,300526.SZ,纺织服装,体育及户外品牌
487,300527.SZ,国防军工,其他军工Ⅲ
488,300528.SZ,传媒,电影动画
489,300529.SZ,医药,医疗器械
490,300530.SZ,基础化工,涂料油墨颜料
491,300531.SZ,通信,通信终端及配件
492,300532.SZ,计算机,系统集成及IT咨询
493,300533.SZ,传媒,互联网
494,300534.SZ,医药,中成药
495,300535.SZ,基础化工,其他化学制品Ⅲ
496,300536.SZ,建筑,建筑施工Ⅲ
497,300537.SZ,基础化工,印染化学品
498,300538.SZ,基础化工,塑料制品
499,300539.SZ,基础化工,橡胶制品
500,300540.SZ,机械,其他专用机械
501,300541.SZ,计算机,系统集成及IT咨询
502,300542.SZ,计算机,行业应用软件
503,300543.SZ,电子,电子设备Ⅲ
504,300545.SZ,电子,电子设备Ⅲ
505,300546.SZ,计算机,行业应用软件
506,300547.SZ,基础化工,橡胶制品
507,300548.SZ,通信,系统设备
508,300549.SZ,机械,基础件
509,300550.SZ,计算机,行业应用软件
510,300551.SZ,机械,其他专用机械
511,300552.SZ,计算机,行业应用软件
512,300553.SZ,机械,仪器仪表Ⅲ
513,300554.SZ,机械,基础件
514,300555.SZ,通信,系统设备
515,300556.SZ,计算机,行业应用软件
516,300557.SZ,机械,仪器仪表Ⅲ
517,300558.SZ,医药,化学制剂
518,300559.SZ,计算机,行业应用软件
519,300560.SZ,通信,网络覆盖优化与运维
520,300561.SZ,计算机,行业应用软件
521,300562.SZ,医药,医疗器械
522,300563.SZ,通信,线缆
523,300565.SZ,通信,网络接配及塔设
524,300566.SZ,电子,电子设备Ⅲ
525,300567.SZ,机械,仪器仪表Ⅲ
526,300568.SZ,基础化工,其他化学制品Ⅲ
527,300569.SZ,电力及公用事业,其他发电
528,300570.SZ,通信,网络接配及塔设
529,300571.SZ,通信,增值服务Ⅲ
530,300572.SZ,机械,仪器仪表Ⅲ
531,300573.SZ,医药,生物医药Ⅲ
532,300575.SZ,基础化工,农药
533,300576.SZ,基础化工,印染化学品
534,300577.SZ,纺织服装,体育及户外品牌
535,300578.SZ,通信,增值服务Ⅲ
536,300579.SZ,计算机,行业应用软件
537,300580.SZ,汽车,汽车零部件Ⅲ
538,300581.SZ,国防军工,航空军工
539,300582.SZ,家电,照明电工
540,300583.SZ,医药,生物医药Ⅲ
541,300584.SZ,医药,化学制剂
542,300585.SZ,汽车,汽车零部件Ⅲ
543,300586.SZ,基础化工,塑料制品
544,300587.SZ,基础化工,橡胶制品
545,300588.SZ,计算机,行业应用软件
546,300589.SZ,机械,船舶制造
547,300590.SZ,通信,通信终端及配件
548,300591.SZ,纺织服装,家纺
549,300592.SZ,建筑,建筑装修Ⅲ
550,300593.SZ,通信,动力设备
551,300595.SZ,医药,医疗器械
552,300596.SZ,基础化工,其他化学制品Ⅲ
553,300597.SZ,通信,网络覆盖优化与运维
554,300598.SZ,计算机,IT外包服务
555,300599.SZ,基础化工,塑料制品
556,300600.SZ,机械,船舶制造
557,300601.SZ,医药,生物医药Ⅲ
558,300602.SZ,电子,电子设备Ⅲ
559,300603.SZ,通信,网络覆盖优化与运维
560,300604.SZ,电子,半导体Ⅲ
561,300605.SZ,计算机,行业应用软件
562,300606.SZ,轻工制造,其他轻工Ⅲ
563,300607.SZ,机械,其他通用机械
564,300608.SZ,计算机,行业应用软件
565,300609.SZ,计算机,系统集成及IT咨询
566,300610.SZ,基础化工,其他化学制品Ⅲ
567,300611.SZ,汽车,汽车零部件Ⅲ
568,300612.SZ,传媒,整合营销
569,300613.SZ,电子,半导体Ⅲ
570,300615.SZ,通信,系统设备
571,300616.SZ,轻工制造,其他轻工Ⅲ
572,300617.SZ,电力设备及新能源,输变电设备
573,300618.SZ,有色金属,镍钴
574,300619.SZ,机械,其他专用机械
575,300620.SZ,通信,通信终端及配件
576,300621.SZ,建筑,建筑装修Ⅲ
577,300622.SZ,医药,医疗器械
578,300623.SZ,电子,半导体Ⅲ
579,300625.SZ,家电,照明电工
580,300626.SZ,电力设备及新能源,电站设备Ⅲ
581,300627.SZ,通信,系统设备
582,300628.SZ,通信,通信终端及配件
583,300629.SZ,机械,基础件
584,300630.SZ,医药,化学制剂
585,300631.SZ,电力及公用事业,环保
586,300632.SZ,家电,照明电工
587,300633.SZ,医药,医疗器械
588,300635.SZ,综合,综合Ⅲ
589,300636.SZ,医药,化学原料药
590,300637.SZ,医药,化学制剂
591,300638.SZ,通信,网络接配及塔设
592,300639.SZ,医药,医疗器械
593,300640.SZ,轻工制造,其他轻工Ⅲ
594,300641.SZ,基础化工,其他化学制品Ⅲ
595,300642.SZ,医药,医疗器械
596,300643.SZ,汽车,汽车零部件Ⅲ
597,300645.SZ,计算机,系统集成及IT咨询
598,300647.SZ,电子,其他元器件Ⅲ
599,300648.SZ,机械,仪器仪表Ⅲ
600,300649.SZ,建筑,建筑装修Ⅲ
601,300650.SZ,家电,照明电工
602,300651.SZ,轻工制造,其他轻工Ⅲ
603,300652.SZ,汽车,汽车零部件Ⅲ
604,300653.SZ,医药,生物医药Ⅲ
605,300654.SZ,传媒,出版
606,300655.SZ,基础化工,其他化学原料
607,300656.SZ,电子,电子设备Ⅲ
608,300657.SZ,电子,电子设备Ⅲ
609,300658.SZ,轻工制造,其他轻工Ⅲ
610,300659.SZ,计算机,行业应用软件
611,300660.SZ,电子,电子设备Ⅲ
612,300661.SZ,电子,半导体Ⅲ
613,300662.SZ,综合,综合Ⅲ
614,300663.SZ,计算机,系统集成及IT咨询
615,300665.SZ,基础化工,涂料油墨颜料
616,300666.SZ,电子,半导体Ⅲ
617,300667.SZ,电子,电子设备Ⅲ
618,300668.SZ,建筑,建筑装修Ⅲ
619,300669.SZ,机械,其他专用机械
620,300670.SZ,电力设备及新能源,配电设备
621,300671.SZ,电子,半导体Ⅲ
622,300672.SZ,电子,半导体Ⅲ
623,300673.SZ,农林牧渔,饲料加工
624,300675.SZ,房地产,物业经纪服务
625,300676.SZ,医药,医疗服务
626,300677.SZ,医药,医疗器械
627,300678.SZ,计算机,行业应用软件
628,300679.SZ,电子,电子设备Ⅲ
629,300680.SZ,汽车,汽车零部件Ⅲ
630,300681.SZ,汽车,汽车零部件Ⅲ
631,300682.SZ,计算机,IT外包服务
632,300683.SZ,医药,生物医药Ⅲ
633,300684.SZ,,
634,300685.SZ,医药,生物医药Ⅲ
635,300686.SZ,电子,其他元器件Ⅲ
636,300687.SZ,计算机,IT外包服务
637,300688.SZ,综合,综合Ⅲ
638,300689.SZ,通信,通信终端及配件
639,300690.SZ,基础化工,其他化学制品Ⅲ
640,300691.SZ,电子,其他元器件Ⅲ
641,300692.SZ,电力及公用事业,水务
642,300693.SZ,电力设备及新能源,输变电设备
643,300695.SZ,汽车,汽车零部件Ⅲ
644,300696.SZ,国防军工,航空军工
645,300697.SZ,有色金属,铜
646,300698.SZ,通信,线缆
647,300699.SZ,基础化工,其他化学制品Ⅲ
648,300700.SZ,机械,基础件
649,300701.SZ,电子,其他元器件Ⅲ
650,300702.SZ,医药,化学制剂
651,300703.SZ,轻工制造,其他轻工Ⅲ
652,300705.SZ,医药,化学制剂
653,300706.SZ,建材,新型建材及非金属新材料
654,300707.SZ,汽车,汽车零部件Ⅲ
655,300708.SZ,电子,电子设备Ⅲ
656,300709.SZ,电子,其他元器件Ⅲ
657,300710.SZ,通信,系统设备
658,300711.SZ,通信,系统设备
659,300712.SZ,建筑,建筑装修Ⅲ
660,300713.SZ,电力设备及新能源,输变电设备
661,300715.SZ,建材,新型建材及非金属新材料
662,300716.SZ,基础化工,塑料制品
663,300717.SZ,基础化工,塑料制品
664,300718.SZ,机械,其他专用机械
665,300719.SZ,国防军工,航空军工
666,300720.SZ,机械,仪器仪表Ⅲ
667,300721.SZ,基础化工,其他化学制品Ⅲ
668,300722.SZ,国防军工,其他军工Ⅲ
669,300723.SZ,医药,化学制剂
670,300725.SZ,医药,生物医药Ⅲ
671,300726.SZ,电子,电子设备Ⅲ
672,300727.SZ,基础化工,印染化学品
673,300729.SZ,,
674,300730.SZ,,
675,300731.SZ,,
676,300732.SZ,,
677,300735.SZ,,
678,600000.SH,银行,全国性股份制银行Ⅲ
679,600004.SH,交通运输,机场
680,600006.SH,汽车,卡车
681,600007.SH,房地产,非住宅物业开发和运营
682,600008.SH,电力及公用事业,环保
683,600009.SH,交通运输,机场
684,600010.SH,钢铁,板材
685,600011.SH,电力及公用事业,火电
686,600012.SH,交通运输,公路
687,600015.SH,银行,全国性股份制银行Ⅲ
688,600016.SH,银行,全国性股份制银行Ⅲ
689,600017.SH,交通运输,港口
690,600018.SH,交通运输,港口
691,600019.SH,钢铁,板材
692,600020.SH,交通运输,公路
693,600021.SH,电力及公用事业,火电
694,600022.SH,钢铁,板材
695,600023.SH,电力及公用事业,火电
696,600025.SH,,
697,600026.SH,交通运输,航运
698,600027.SH,电力及公用事业,火电
699,600028.SH,石油石化,炼油
0,600029.SH,交通运输,航空
1,600030.SH,非银行金融,证券Ⅲ
2,600031.SH,机械,工程机械Ⅲ
3,600033.SH,交通运输,公路
4,600035.SH,交通运输,公路
5,600036.SH,银行,全国性股份制银行Ⅲ
6,600037.SH,传媒,广播电视
7,600038.SH,国防军工,航空军工
8,600039.SH,建筑,建筑施工Ⅲ
9,600048.SH,房地产,住宅物业开发
10,600050.SH,通信,电信运营Ⅲ
11,600051.SH,综合,综合Ⅲ
12,600052.SH,房地产,住宅物业开发
13,600053.SH,房地产,住宅物业开发
14,600054.SH,消费者服务,景区
15,600055.SH,医药,医疗器械
16,600056.SH,医药,医药流通
17,600057.SH,交通运输,物流综合
18,600058.SH,钢铁,贸易流通
19,600059.SH,食品饮料,黄酒
20,600060.SH,家电,黑色家电Ⅲ
21,600061.SH,非银行金融,证券Ⅲ
22,600062.SH,医药,化学制剂
23,600063.SH,基础化工,树脂
24,600064.SH,房地产,住宅物业开发
25,600066.SH,汽车,客车
26,600067.SH,房地产,住宅物业开发
27,600068.SH,建筑,建筑施工Ⅲ
28,600069.SH,轻工制造,造纸Ⅲ
29,600070.SH,综合,综合Ⅲ
30,600071.SH,电子,其他元器件Ⅲ
31,600072.SH,机械,船舶制造
32,600073.SH,食品饮料,肉制品
33,600074.SH,基础化工,塑料制品
34,600075.SH,基础化工,氯碱
35,600076.SH,通信,其他通信设备
36,600077.SH,房地产,住宅物业开发
37,600078.SH,基础化工,磷化工
38,600079.SH,医药,化学制剂
39,600080.SH,医药,生物医药Ⅲ
40,600081.SH,汽车,汽车零部件Ⅲ
41,600082.SH,综合,综合Ⅲ
42,600083.SH,建筑,建筑施工Ⅲ
43,600084.SH,食品饮料,葡萄酒
44,600085.SH,医药,中成药
45,600086.SH,商贸零售,连锁
46,600088.SH,传媒,广播电视
47,600089.SH,电力设备及新能源,输变电设备
48,600090.SH,医药,医药流通
49,600091.SH,基础化工,氯碱
50,600093.SH,汽车,汽车零部件Ⅲ
51,600094.SH,房地产,住宅物业开发
52,600095.SH,房地产,住宅物业开发
53,600096.SH,基础化工,磷化工
54,600097.SH,农林牧渔,水产捕捞
55,600098.SH,电力及公用事业,火电
56,600099.SH,汽车,摩托车及其他Ⅲ
57,600100.SH,计算机,通用计算机设备
58,600101.SH,电力及公用事业,电网
59,600103.SH,轻工制造,造纸Ⅲ
60,600104.SH,汽车,乘用车Ⅲ
61,600105.SH,通信,线缆
62,600106.SH,交通运输,公路
63,600107.SH,纺织服装,其他纺织
64,600108.SH,农林牧渔,种业
65,600109.SH,非银行金融,证券Ⅲ
66,600110.SH,电子,电子设备Ⅲ
67,600111.SH,有色金属,稀有金属Ⅲ
68,600112.SH,电力设备及新能源,配电设备
69,600113.SH,房地产,非住宅物业开发和运营
70,600114.SH,机械,金属制品Ⅲ
71,600115.SH,交通运输,航空
72,600116.SH,电力及公用事业,电网
73,600117.SH,钢铁,特钢
74,600118.SH,国防军工,航天军工
75,600119.SH,交通运输,物流综合
76,600120.SH,商贸零售,贸易Ⅲ
77,600121.SH,煤炭,动力煤
78,600122.SH,商贸零售,连锁
79,600123.SH,煤炭,无烟煤
80,600125.SH,交通运输,铁路
81,600126.SH,钢铁,长材
82,600127.SH,农林牧渔,农产品加工及流通
83,600128.SH,综合,综合Ⅲ
84,600129.SH,医药,中成药
85,600130.SH,通信,通信终端及配件
86,600131.SH,电力及公用事业,电网
87,600132.SH,食品饮料,啤酒
88,600133.SH,房地产,住宅物业开发
89,600135.SH,基础化工,其他化学制品Ⅲ
90,600136.SH,基础化工,磷化工
91,600137.SH,纺织服装,其他纺织
92,600138.SH,消费者服务,景区
93,600139.SH,有色金属,铜
94,600141.SH,基础化工,磷化工
95,600143.SH,基础化工,塑料制品
96,600145.SH,机械,金属制品Ⅲ
97,600146.SH,基础化工,其他化学制品Ⅲ
98,600148.SH,汽车,汽车零部件Ⅲ
99,600149.SH,房地产,住宅物业开发
100,600150.SH,机械,船舶制造
101,600151.SH,电力设备及新能源,太阳能
102,600152.SH,纺织服装,棉纺制品
103,600153.SH,交通运输,物流综合
104,600155.SH,基础化工,氯碱
105,600156.SH,纺织服装,非棉纺织品
106,600157.SH,煤炭,炼焦煤
107,600158.SH,房地产,住宅物业开发
108,600159.SH,房地产,住宅物业开发
109,600160.SH,基础化工,氟化工
110,600161.SH,医药,生物医药Ⅲ
111,600162.SH,房地产,住宅物业开发
112,600163.SH,电力设备及新能源,风电
113,600165.SH,机械,金属制品Ⅲ
114,600166.SH,汽车,卡车
115,600167.SH,电力及公用事业,火电
116,600168.SH,电力及公用事业,环保
117,600169.SH,机械,起重运输设备
118,600170.SH,建筑,建筑施工Ⅲ
119,600171.SH,电子,半导体Ⅲ
120,600172.SH,建材,新型建材及非金属新材料
121,600173.SH,房地产,住宅物业开发
122,600175.SH,石油石化,石油开采Ⅲ
123,600176.SH,建材,玻璃Ⅲ
124,600177.SH,纺织服装,大众成人品牌服饰
125,600178.SH,汽车,汽车零部件Ⅲ
126,600179.SH,综合,综合Ⅲ
127,600180.SH,交通运输,物流综合
128,600182.SH,汽车,汽车零部件Ⅲ
129,600183.SH,电子,其他元器件Ⅲ
130,600184.SH,国防军工,航空军工
131,600185.SH,房地产,住宅物业开发
132,600186.SH,食品饮料,调味品
133,600187.SH,电力及公用事业,环保
134,600188.SH,煤炭,动力煤
135,600189.SH,农林牧渔,林木及加工
136,600190.SH,交通运输,港口
137,600191.SH,农林牧渔,农产品加工及流通
138,600192.SH,电力设备及新能源,输变电设备
139,600193.SH,钢铁,贸易流通
140,600195.SH,农林牧渔,动物疫苗及兽药
141,600196.SH,医药,化学制剂
142,600197.SH,食品饮料,白酒
143,600198.SH,通信,系统设备
144,600199.SH,食品饮料,白酒
145,600200.SH,综合,综合Ⅲ
146,600201.SH,农林牧渔,动物疫苗及兽药
147,600202.SH,电力设备及新能源,电站设备Ⅲ
148,600203.SH,电子,其他元器件Ⅲ
149,600206.SH,电子,半导体Ⅲ
150,600207.SH,综合,综合Ⅲ
151,600208.SH,房地产,住宅物业开发
152,600209.SH,建筑,建筑装修Ⅲ
153,600210.SH,轻工制造,包装
154,600211.SH,医药,中成药
155,600212.SH,综合,综合Ⅲ
156,600213.SH,汽车,客车
157,600215.SH,房地产,园区综合开发
158,600216.SH,医药,化学原料药
159,600217.SH,电力及公用事业,环保
160,600218.SH,,
161,600219.SH,有色金属,铝
162,600220.SH,纺织服装,非棉纺织品
163,600221.SH,交通运输,航空
164,600222.SH,医药,中成药
165,600223.SH,房地产,住宅物业开发
166,600225.SH,房地产,住宅物业开发
167,600226.SH,基础化工,农药
168,600227.SH,基础化工,氮肥
169,600228.SH,基础化工,其他化学原料
170,600229.SH,传媒,出版
171,600230.SH,基础化工,氮肥
172,600231.SH,钢铁,长材
173,600232.SH,纺织服装,非棉纺织品
174,600233.SH,交通运输,物流综合
175,600234.SH,综合,综合Ⅲ
176,600235.SH,轻工制造,造纸Ⅲ
177,600236.SH,电力及公用事业,水电
178,600237.SH,电子,其他元器件Ⅲ
179,600238.SH,食品饮料,非乳饮料
180,600239.SH,房地产,住宅物业开发
181,600240.SH,房地产,住宅物业开发
182,600241.SH,商贸零售,贸易Ⅲ
183,600242.SH,交通运输,航运
184,600243.SH,机械,机床设备
185,600246.SH,房地产,住宅物业开发
186,600247.SH,商贸零售,贸易Ⅲ
187,600248.SH,建筑,建筑施工Ⅲ
188,600249.SH,基础化工,日用化学品
189,600250.SH,商贸零售,贸易Ⅲ
190,600251.SH,农林牧渔,农产品加工及流通
191,600252.SH,医药,中成药
192,600255.SH,有色金属,铜
193,600256.SH,石油石化,石油开采Ⅲ
194,600257.SH,农林牧渔,水产养殖
195,600258.SH,消费者服务,酒店
196,600259.SH,有色金属,稀有金属Ⅲ
197,600260.SH,综合,综合Ⅲ
198,600261.SH,家电,照明电工
199,600262.SH,机械,矿山冶金机械
200,600265.SH,农林牧渔,林木及加工
201,600266.SH,房地产,住宅物业开发
202,600267.SH,医药,化学原料药
203,600268.SH,电力设备及新能源,输变电设备
204,600269.SH,交通运输,公路
205,600270.SH,交通运输,物流综合
206,600271.SH,计算机,系统集成及IT咨询
207,600272.SH,医药,中成药
208,600273.SH,基础化工,其他化学原料
209,600275.SH,农林牧渔,水产养殖
210,600276.SH,医药,化学制剂
211,600277.SH,基础化工,氯碱
212,600278.SH,商贸零售,贸易Ⅲ
213,600279.SH,交通运输,港口
214,600280.SH,商贸零售,百货
215,600281.SH,基础化工,氯碱
216,600282.SH,钢铁,板材
217,600283.SH,电力及公用事业,水务
218,600284.SH,建筑,建筑施工Ⅲ
219,600285.SH,医药,中成药
220,600287.SH,商贸零售,贸易Ⅲ
221,600288.SH,电子,电子设备Ⅲ
222,600289.SH,通信,其他通信设备
223,600290.SH,电力设备及新能源,输变电设备
224,600291.SH,非银行金融,保险Ⅲ
225,600292.SH,电力及公用事业,环保
226,600293.SH,建材,玻璃Ⅲ
227,600295.SH,钢铁,铁矿石
228,600297.SH,汽车,乘用车Ⅲ
229,600298.SH,食品饮料,其他食品
230,600299.SH,基础化工,塑料制品
231,600300.SH,食品饮料,非乳饮料
232,600301.SH,基础化工,氯碱
233,600302.SH,机械,纺织服装机械
234,600303.SH,汽车,客车
235,600305.SH,食品饮料,调味品
236,600306.SH,商贸零售,百货
237,600307.SH,钢铁,长材
238,600308.SH,轻工制造,造纸Ⅲ
239,600309.SH,基础化工,聚氨酯
240,600310.SH,电力及公用事业,电网
241,600311.SH,有色金属,黄金
242,600312.SH,电力设备及新能源,输变电设备
243,600313.SH,农林牧渔,农产品加工及流通
244,600315.SH,商贸零售,连锁
245,600316.SH,国防军工,航空军工
246,600317.SH,交通运输,港口
247,600318.SH,建材,水泥Ⅲ
248,600319.SH,基础化工,氯碱
249,600320.SH,机械,起重运输设备
250,600321.SH,建材,玻璃Ⅲ
251,600322.SH,房地产,住宅物业开发
252,600323.SH,电力及公用事业,环保
253,600325.SH,房地产,住宅物业开发
254,600326.SH,建筑,建筑施工Ⅲ
255,600327.SH,汽车,汽车销售及服务Ⅲ
256,600328.SH,基础化工,无机盐
257,600329.SH,医药,中成药
258,600330.SH,有色金属,稀有金属Ⅲ
259,600331.SH,有色金属,铅锌
260,600332.SH,医药,中成药
261,600333.SH,电力及公用事业,燃气
262,600335.SH,汽车,汽车销售及服务Ⅲ
263,600336.SH,家电,白色家电Ⅲ
264,600337.SH,轻工制造,其他轻工Ⅲ
265,600338.SH,有色金属,铅锌
266,600339.SH,石油石化,其他石化
267,600340.SH,房地产,住宅物业开发
268,600343.SH,国防军工,航天军工
269,600345.SH,通信,网络接配及塔设
270,600346.SH,石油石化,炼油
271,600348.SH,煤炭,无烟煤
272,600350.SH,交通运输,公路
273,600351.SH,医药,中成药
274,600352.SH,基础化工,印染化学品
275,600353.SH,电子,其他元器件Ⅲ
276,600354.SH,农林牧渔,种业
277,600355.SH,通信,通信终端及配件
278,600356.SH,轻工制造,造纸Ⅲ
279,600358.SH,消费者服务,景区
280,600359.SH,农林牧渔,农产品加工及流通
281,600360.SH,电子,半导体Ⅲ
282,600361.SH,商贸零售,超市及便利店
283,600362.SH,有色金属,铜
284,600363.SH,电子,其他元器件Ⅲ
285,600365.SH,食品饮料,葡萄酒
286,600366.SH,有色金属,稀有金属Ⅲ
287,600367.SH,基础化工,无机盐
288,600368.SH,交通运输,公路
289,600369.SH,非银行金融,证券Ⅲ
290,600370.SH,纺织服装,印染
291,600371.SH,农林牧渔,种业
292,600372.SH,国防军工,航空军工
293,600373.SH,传媒,出版
294,600375.SH,汽车,卡车
295,600376.SH,房地产,住宅物业开发
296,600377.SH,交通运输,公路
297,600378.SH,石油石化,其他石化
298,600379.SH,电力设备及新能源,配电设备
299,600380.SH,医药,化学制剂
300,600381.SH,钢铁,贸易流通
301,600382.SH,综合,综合Ⅲ
302,600383.SH,房地产,住宅物业开发
303,600385.SH,有色金属,黄金
304,600386.SH,传媒,整合营销
305,600387.SH,石油石化,油品销售及仓储
306,600388.SH,电力及公用事业,环保
307,600389.SH,基础化工,农药
308,600390.SH,有色金属,稀有金属Ⅲ
309,600391.SH,国防军工,航空军工
310,600392.SH,有色金属,稀有金属Ⅲ
311,600393.SH,房地产,住宅物业开发
312,600395.SH,煤炭,炼焦煤
313,600396.SH,电力及公用事业,火电
314,600397.SH,煤炭,动力煤
315,600398.SH,纺织服装,大众成人品牌服饰
316,600399.SH,国防军工,其他军工Ⅲ
317,600400.SH,纺织服装,其他纺织
318,600401.SH,电子,半导体Ⅲ
319,600403.SH,煤炭,动力煤
320,600405.SH,通信,动力设备
321,600406.SH,电力设备及新能源,电站设备Ⅲ
322,600408.SH,煤炭,焦炭
323,600409.SH,基础化工,纯碱
324,600410.SH,计算机,系统集成及IT咨询
325,600415.SH,商贸零售,贸易Ⅲ
326,600416.SH,电力设备及新能源,风电
327,600418.SH,汽车,乘用车Ⅲ
328,600419.SH,食品饮料,乳制品
329,600420.SH,医药,化学制剂
330,600421.SH,综合,综合Ⅲ
331,600422.SH,医药,中成药
332,600423.SH,基础化工,氮肥
333,600425.SH,建材,水泥Ⅲ
334,600426.SH,基础化工,氮肥
335,600428.SH,交通运输,航运
336,600429.SH,食品饮料,乳制品
337,600432.SH,有色金属,稀有金属Ⅲ
338,600433.SH,轻工制造,造纸Ⅲ
339,600435.SH,国防军工,兵器兵装Ⅲ
340,600436.SH,医药,中成药
341,600438.SH,农林牧渔,饲料加工
342,600439.SH,纺织服装,其他纺织
343,600444.SH,基础化工,塑料制品
344,600446.SH,计算机,行业应用软件
345,600448.SH,纺织服装,印染
346,600449.SH,建材,水泥Ⅲ
347,600452.SH,电力设备及新能源,配电设备
348,600455.SH,传媒,整合营销
349,600456.SH,有色金属,稀有金属Ⅲ
350,600458.SH,机械,铁路交通设备
351,600459.SH,有色金属,稀有金属Ⅲ
352,600460.SH,电子,半导体Ⅲ
353,600461.SH,电力及公用事业,环保
354,600462.SH,轻工制造,造纸Ⅲ
355,600463.SH,房地产,园区综合开发
356,600466.SH,房地产,住宅物业开发
357,600467.SH,农林牧渔,水产养殖
358,600468.SH,电力设备及新能源,输变电设备
359,600469.SH,汽车,汽车零部件Ⅲ
360,600470.SH,基础化工,磷肥
361,600475.SH,电力设备及新能源,电站设备Ⅲ
362,600476.SH,计算机,系统集成及IT咨询
363,600477.SH,建筑,建筑施工Ⅲ
364,600478.SH,有色金属,稀有金属Ⅲ
365,600479.SH,医药,中成药
366,600480.SH,汽车,汽车零部件Ⅲ
367,600481.SH,机械,其他专用机械
368,600482.SH,家电,白色家电Ⅲ
369,600483.SH,电力及公用事业,火电
370,600485.SH,通信,网络覆盖优化与运维
371,600486.SH,基础化工,农药
372,600487.SH,通信,线缆
373,600488.SH,医药,化学原料药
374,600489.SH,有色金属,黄金
375,600490.SH,有色金属,铜
376,600491.SH,建筑,建筑施工Ⅲ
377,600493.SH,纺织服装,棉纺制品
378,600495.SH,机械,铁路交通设备
379,600496.SH,建筑,建筑施工Ⅲ
380,600497.SH,有色金属,铅锌
381,600498.SH,通信,通信终端及配件
382,600499.SH,机械,其他专用机械
383,600500.SH,基础化工,橡胶制品
384,600501.SH,国防军工,航天军工
385,600502.SH,建筑,建筑施工Ⅲ
386,600503.SH,房地产,住宅物业开发
387,600505.SH,电力及公用事业,电网
388,600506.SH,,
389,600507.SH,钢铁,特钢
390,600508.SH,煤炭,动力煤
391,600509.SH,电力及公用事业,火电
392,600510.SH,综合,综合Ⅲ
393,600511.SH,医药,医药流通
394,600512.SH,建筑,建筑施工Ⅲ
395,600513.SH,医药,化学制剂
396,600515.SH,房地产,园区综合开发
397,600516.SH,建材,新型建材及非金属新材料
398,600517.SH,电力设备及新能源,配电设备
399,600518.SH,医药,中药饮片
400,600519.SH,食品饮料,白酒
401,600520.SH,机械,金属制品Ⅲ
402,600521.SH,医药,化学原料药
403,600522.SH,通信,线缆
404,600523.SH,汽车,汽车零部件Ⅲ
405,600525.SH,电子,电子设备Ⅲ
406,600526.SH,电力及公用事业,环保
407,600527.SH,纺织服装,非棉纺织品
408,600528.SH,,
409,600529.SH,医药,医疗器械
410,600530.SH,医药,生物医药Ⅲ
411,600531.SH,有色金属,铅锌
412,600532.SH,钢铁,铁矿石
413,600533.SH,房地产,住宅物业开发
414,600535.SH,医药,中成药
415,600536.SH,计算机,基础软件及管理办公软件
416,600537.SH,电力设备及新能源,太阳能
417,600538.SH,基础化工,农药
418,600539.SH,,
419,600540.SH,农林牧渔,农产品加工及流通
420,600543.SH,食品饮料,葡萄酒
421,600545.SH,,
422,600546.SH,煤炭,动力煤
423,600547.SH,有色金属,黄金
424,600548.SH,交通运输,公路
425,600549.SH,有色金属,稀有金属Ⅲ
426,600550.SH,电力设备及新能源,输变电设备
427,600551.SH,传媒,出版
428,600552.SH,建材,玻璃Ⅲ
429,600555.SH,房地产,住宅物业开发
430,600556.SH,房地产,住宅物业开发
431,600557.SH,医药,中成药
432,600558.SH,机械,金属制品Ⅲ
433,600559.SH,食品饮料,白酒
434,600560.SH,机械,矿山冶金机械
435,600561.SH,交通运输,公交
436,600562.SH,国防军工,其他军工Ⅲ
437,600563.SH,电子,其他元器件Ⅲ
438,600565.SH,房地产,住宅物业开发
439,600566.SH,医药,中成药
440,600567.SH,轻工制造,造纸Ⅲ
441,600568.SH,房地产,住宅物业开发
442,600569.SH,钢铁,板材
443,600570.SH,计算机,行业应用软件
444,600571.SH,计算机,行业应用软件
445,600572.SH,医药,中成药
446,600573.SH,食品饮料,啤酒
447,600575.SH,交通运输,港口
448,600576.SH,房地产,住宅物业开发
449,600577.SH,电力设备及新能源,配电设备
450,600578.SH,电力及公用事业,火电
451,600579.SH,汽车,汽车零部件Ⅲ
452,600580.SH,电力设备及新能源,电站设备Ⅲ
453,600581.SH,钢铁,长材
454,600582.SH,机械,矿山冶金机械
455,600583.SH,石油石化,油田服务
456,600584.SH,电子,半导体Ⅲ
457,600585.SH,建材,水泥Ⅲ
458,600586.SH,建材,玻璃Ⅲ
459,600587.SH,医药,医疗器械
460,600588.SH,计算机,基础软件及管理办公软件
461,600589.SH,基础化工,树脂
462,600590.SH,建筑,建筑施工Ⅲ
463,600592.SH,机械,其他通用机械
464,600593.SH,消费者服务,景区
465,600594.SH,医药,中成药
466,600595.SH,有色金属,铝
467,600596.SH,基础化工,农药
468,600597.SH,食品饮料,乳制品
469,600598.SH,农林牧渔,农产品加工及流通
470,600599.SH,非银行金融,其他非银金融
471,600600.SH,食品饮料,啤酒
472,600601.SH,计算机,通用计算机设备
473,600602.SH,电子,电子设备Ⅲ
474,600603.SH,房地产,住宅物业开发
475,600604.SH,房地产,园区综合开发
476,600605.SH,商贸零售,贸易Ⅲ
477,600606.SH,房地产,住宅物业开发
478,600608.SH,钢铁,特钢
479,600609.SH,汽车,客车
480,600610.SH,机械,纺织服装机械
481,600611.SH,交通运输,公交
482,600612.SH,商贸零售,连锁
483,600613.SH,医药,中成药
484,600614.SH,有色金属,稀有金属Ⅲ
485,600615.SH,有色金属,铝
486,600616.SH,食品饮料,黄酒
487,600617.SH,电力及公用事业,燃气
488,600618.SH,基础化工,塑料制品
489,600619.SH,家电,白色家电Ⅲ
490,600620.SH,房地产,住宅物业开发
491,600621.SH,房地产,住宅物业开发
492,600622.SH,房地产,住宅物业开发
493,600623.SH,汽车,汽车零部件Ⅲ
494,600624.SH,综合,综合Ⅲ
495,600626.SH,纺织服装,其他纺织
496,600628.SH,商贸零售,百货
497,600629.SH,建材,新型建材及非金属新材料
498,600630.SH,纺织服装,其他纺织
499,600633.SH,传媒,出版
500,600634.SH,钢铁,贸易流通
501,600635.SH,电力及公用事业,燃气
502,600636.SH,基础化工,氟化工
503,600637.SH,传媒,互联网
504,600638.SH,房地产,园区综合开发
505,600639.SH,房地产,园区综合开发
506,600640.SH,消费者服务,酒店
507,600641.SH,房地产,住宅物业开发
508,600642.SH,电力及公用事业,火电
509,600643.SH,综合,综合Ⅲ
510,600644.SH,电力及公用事业,电网
511,600645.SH,医药,生物医药Ⅲ
512,600647.SH,房地产,住宅物业开发
513,600648.SH,商贸零售,贸易Ⅲ
514,600649.SH,房地产,住宅物业开发
515,600650.SH,交通运输,公交
516,600651.SH,家电,照明电工
517,600652.SH,传媒,互联网
518,600653.SH,汽车,汽车销售及服务Ⅲ
519,600654.SH,电子,其他元器件Ⅲ
520,600655.SH,商贸零售,百货
521,600657.SH,房地产,住宅物业开发
522,600658.SH,房地产,园区综合开发
523,600660.SH,汽车,汽车零部件Ⅲ
524,600661.SH,传媒,整合营销
525,600662.SH,交通运输,公交
526,600663.SH,房地产,园区综合开发
527,600664.SH,医药,化学制剂
528,600665.SH,房地产,住宅物业开发
529,600666.SH,机械,其他专用机械
530,600667.SH,电子,其他元器件Ⅲ
531,600668.SH,综合,综合Ⅲ
532,600671.SH,医药,中成药
533,600673.SH,有色金属,铝
534,600674.SH,电力及公用事业,水电
535,600675.SH,房地产,住宅物业开发
536,600676.SH,汽车,汽车零部件Ⅲ
537,600677.SH,国防军工,航天军工
538,600678.SH,建材,水泥Ⅲ
539,600679.SH,轻工制造,其他轻工Ⅲ
540,600680.SH,通信,系统设备
541,600681.SH,电力及公用事业,燃气
542,600682.SH,商贸零售,百货
543,600683.SH,房地产,住宅物业开发
544,600684.SH,房地产,住宅物业开发
545,600685.SH,国防军工,其他军工Ⅲ
546,600686.SH,汽车,客车
547,600687.SH,有色金属,黄金
548,600688.SH,石油石化,炼油
549,600689.SH,商贸零售,贸易Ⅲ
550,600690.SH,家电,白色家电Ⅲ
551,600691.SH,基础化工,氮肥
552,600692.SH,交通运输,航运
553,600693.SH,商贸零售,百货
554,600694.SH,商贸零售,百货
555,600695.SH,非银行金融,其他非银金融
556,600696.SH,房地产,住宅物业开发
557,600697.SH,商贸零售,百货
558,600698.SH,汽车,汽车零部件Ⅲ
559,600699.SH,汽车,汽车零部件Ⅲ
560,600701.SH,综合,综合Ⅲ
561,600702.SH,食品饮料,白酒
562,600703.SH,电子,半导体Ⅲ
563,600704.SH,汽车,汽车销售及服务Ⅲ
564,600705.SH,非银行金融,其他非银金融
565,600706.SH,消费者服务,景区
566,600707.SH,电子,其他元器件Ⅲ
567,600708.SH,交通运输,公交
568,600710.SH,机械,工程机械Ⅲ
569,600711.SH,有色金属,铜
570,600712.SH,商贸零售,百货
571,600713.SH,医药,医药流通
572,600714.SH,煤炭,动力煤
573,600715.SH,传媒,电影动画
574,600716.SH,房地产,住宅物业开发
575,600717.SH,交通运输,港口
576,600718.SH,计算机,IT外包服务
577,600719.SH,电力及公用事业,火电
578,600720.SH,建材,水泥Ⅲ
579,600721.SH,医药,医疗服务
580,600722.SH,基础化工,氯碱
581,600723.SH,商贸零售,百货
582,600724.SH,房地产,住宅物业开发
583,600725.SH,煤炭,焦炭
584,600726.SH,电力及公用事业,火电
585,600727.SH,,
586,600728.SH,通信,其他通信设备
587,600729.SH,商贸零售,百货
588,600730.SH,综合,综合Ⅲ
589,600731.SH,基础化工,农药
590,600732.SH,房地产,住宅物业开发
591,600733.SH,房地产,非住宅物业开发和运营
592,600734.SH,计算机,通用计算机设备
593,600735.SH,商贸零售,贸易Ⅲ
594,600736.SH,房地产,园区综合开发
595,600737.SH,农林牧渔,果蔬饮料
596,600738.SH,商贸零售,百货
597,600739.SH,非银行金融,证券Ⅲ
598,600740.SH,煤炭,焦炭
599,600741.SH,汽车,汽车零部件Ⅲ
600,600742.SH,汽车,汽车零部件Ⅲ
601,600743.SH,房地产,住宅物业开发
602,600744.SH,电力及公用事业,火电
603,600745.SH,通信,通信终端及配件
604,600746.SH,基础化工,其他化学原料
605,600747.SH,电子,其他元器件Ⅲ
606,600748.SH,房地产,住宅物业开发
607,600749.SH,消费者服务,景区
608,600750.SH,医药,中成药
609,600751.SH,交通运输,航运
610,600753.SH,建材,新型建材及非金属新材料
611,600754.SH,消费者服务,酒店
612,600755.SH,商贸零售,贸易Ⅲ
613,600756.SH,计算机,基础软件及管理办公软件
614,600757.SH,传媒,出版
615,600758.SH,煤炭,其他煤化工
616,600759.SH,石油石化,石油开采Ⅲ
617,600760.SH,国防军工,其他军工Ⅲ
618,600761.SH,机械,工程机械Ⅲ
619,600763.SH,医药,医疗服务
620,600764.SH,通信,系统设备
621,600765.SH,国防军工,航天军工
622,600766.SH,有色金属,黄金
623,600767.SH,房地产,住宅物业开发
624,600768.SH,有色金属,铝
625,600769.SH,电力及公用事业,水务
626,600770.SH,综合,综合Ⅲ
627,600771.SH,医药,化学制剂
628,600773.SH,房地产,住宅物业开发
629,600774.SH,,
630,600775.SH,通信,系统设备
631,600776.SH,通信,其他通信设备
632,600777.SH,石油石化,石油开采Ⅲ
633,600778.SH,商贸零售,百货
634,600779.SH,食品饮料,白酒
635,600780.SH,电力及公用事业,火电
636,600781.SH,医药,中成药
637,600782.SH,钢铁,板材
638,600783.SH,建材,陶瓷
639,600784.SH,钢铁,特钢
640,600785.SH,商贸零售,百货
641,600787.SH,交通运输,物流综合
642,600789.SH,医药,化学制剂
643,600790.SH,商贸零售,贸易Ⅲ
644,600791.SH,房地产,住宅物业开发
645,600792.SH,煤炭,焦炭
646,600793.SH,轻工制造,造纸Ⅲ
647,600794.SH,交通运输,物流综合
648,600795.SH,电力及公用事业,火电
649,600796.SH,基础化工,农药
650,600797.SH,通信,通信终端及配件
651,600798.SH,交通运输,航运
652,600800.SH,轻工制造,印刷
653,600801.SH,建材,水泥Ⅲ
654,600802.SH,建材,水泥Ⅲ
655,600803.SH,基础化工,农药
656,600804.SH,通信,增值服务Ⅲ
657,600805.SH,汽车,乘用车Ⅲ
658,600806.SH,机械,机床设备
659,600807.SH,房地产,住宅物业开发
660,600808.SH,钢铁,板材
661,600809.SH,食品饮料,白酒
662,600810.SH,基础化工,绵纶
663,600811.SH,商贸零售,贸易Ⅲ
664,600812.SH,医药,化学制剂
665,600814.SH,商贸零售,百货
666,600815.SH,机械,工程机械Ⅲ
667,600816.SH,非银行金融,信托
668,600817.SH,房地产,非住宅物业开发和运营
669,600818.SH,汽车,摩托车及其他Ⅲ
670,600819.SH,建材,玻璃Ⅲ
671,600820.SH,建筑,建筑施工Ⅲ
672,600821.SH,商贸零售,百货
673,600822.SH,商贸零售,贸易Ⅲ
674,600823.SH,房地产,非住宅物业开发和运营
675,600824.SH,商贸零售,百货
676,600825.SH,传媒,出版
677,600826.SH,商贸零售,贸易Ⅲ
678,600827.SH,商贸零售,超市及便利店
679,600828.SH,商贸零售,百货
680,600829.SH,医药,化学制剂
681,600830.SH,商贸零售,贸易Ⅲ
682,600831.SH,传媒,广播电视
683,600833.SH,医药,医药流通
684,600834.SH,交通运输,公交
685,600835.SH,机械,起重运输设备
686,600836.SH,轻工制造,印刷
687,600837.SH,非银行金融,证券Ⅲ
688,600838.SH,商贸零售,百货
689,600839.SH,家电,黑色家电Ⅲ
690,600841.SH,汽车,汽车零部件Ⅲ
691,600843.SH,机械,纺织服装机械
692,600844.SH,基础化工,其他化学制品Ⅲ
693,600845.SH,计算机,行业应用软件
694,600846.SH,建筑,建筑施工Ⅲ
695,600847.SH,传媒,整合营销
696,600848.SH,房地产,非住宅物业开发和运营
697,600850.SH,计算机,系统集成及IT咨询
698,600851.SH,医药,化学制剂
699,600853.SH,建筑,建筑施工Ⅲ
